camera,shell,source_frame,receive_time_s,interval_ms,surviving_track_edges,speed_median_px_s,speed_p95_px_s,blur_median_px,blur_p95_px
c920,red,1,0.032159977000000006,32.159977000000005,74,2.911806696046295,8.926005624587575,0.045424184458322206,0.13924568774356616
c920,green,1,0.032159977000000006,32.159977000000005,76,5.972772189716091,18.612197185611958,0.09317524615957101,0.29035027609554653
c920,red,2,0.067871244,35.711267,71,2.867941615747897,7.269723321105786,0.044739889205667197,0.11340768380925026
c920,green,2,0.067871244,35.711267,79,3.665118699479862,19.98241560665456,0.05717585171188585,0.31172568346381113
c920,red,3,0.099888221,32.016977000000004,76,3.226373446136698,8.532798084901044,0.050331425759732484,0.13311165012445628
c920,green,3,0.099888221,32.016977000000004,76,4.546964240135681,17.899097288982368,0.07093264214611662,0.27922591770812494
c920,red,4,0.13290290100000002,33.014680000000006,78,3.548233688873794,11.045825915590255,0.055352445546431185,0.17231488428320796
c920,green,4,0.13290290100000002,33.014680000000006,79,4.5500272773942125,19.65538984366339,0.0709804255273497,0.30662408156114884
c920,red,5,0.16788707600000002,34.98417500000001,76,3.13481456346692,7.815442689709054,0.04890310719008395,0.12192090595946124
c920,green,5,0.16788707600000002,34.98417500000001,78,3.3981438201960925,18.523857957907214,0.05301104359505904,0.2889721841433526
c920,red,6,0.199906609,32.01953299999999,78,3.0687727995523786,10.648041528068736,0.047872855673017106,0.16610944783787226
c920,green,6,0.199906609,32.01953299999999,79,4.275820123662137,15.594396357903685,0.06670279392912934,0.2432725831832975
c920,red,7,0.23215675300000002,32.250144000000006,77,2.9471941824241883,6.9485636725282625,0.04597622924581733,0.1083975932914409
c920,green,7,0.23215675300000002,32.250144000000006,79,4.42818614085418,20.937266303307617,0.06907970379732521,0.32662135433159883
c920,red,8,0.267912964,35.75621099999998,79,2.1167116171986153,7.341585865962756,0.0330207012282984,0.114528739509019
c920,green,8,0.267912964,35.75621099999998,79,4.903387757584247,15.722573607146042,0.07649284901831425,0.24527214827147825
c920,red,9,0.30010651499999996,32.193550999999985,78,3.3953586562742273,8.187055063681552,0.05296759503787794,0.1277180589934322
c920,green,9,0.30010651499999996,32.193550999999985,79,4.0281222868097855,18.37958530856399,0.06283870767423265,0.28672153081359825
c920,red,10,0.36801244499999997,67.90593,78,1.4552300820369468,3.6681570604992206,0.02270158927977637,0.05722325014378784
c920,green,10,0.36801244499999997,67.90593,79,2.507167059215847,7.1159868783678775,0.03911180612376721,0.1110093953025389
c920,red,11,0.399921885,31.90944000000001,78,3.076978019566872,7.299955902469594,0.04800085710524321,0.11387931207852565
c920,green,11,0.399921885,31.90944000000001,78,4.139948116121479,17.395628329887003,0.06458319061149506,0.2713718019462373
c920,red,12,0.431989974,32.06808900000002,80,2.4476116194586988,5.666295057693421,0.038182741263555704,0.08839420290001736
c920,green,12,0.431989974,32.06808900000002,78,3.886604718272129,14.712685944907005,0.06063103360504521,0.22951790074054926
c920,red,13,0.464044081,32.054107,78,3.6226557738272294,7.806191638556362,0.05651343007170477,0.12177658956147924
c920,green,13,0.464044081,32.054107,79,6.425229916663277,23.91859237020595,0.10023358669994711,0.37313004097521285
c920,red,14,0.49991930999999995,35.875228999999955,78,2.9884703168505715,6.370405361968826,0.046620136942868914,0.09937832364671369
c920,green,14,0.49991930999999995,35.875228999999955,77,3.72800018886705,12.305822548068031,0.05815680294632598,0.1919708317498613
c920,red,15,0.531925454,32.00614400000001,77,2.9338075017653313,7.081904244490918,0.04576739702753917,0.11047770621405831
c920,green,15,0.531925454,32.00614400000001,79,3.942418808647852,16.693093179939293,0.061501733414906494,0.26041225360705295
c920,red,16,0.5639755430000001,32.05008900000006,78,3.1736274256231156,6.316603733968328,0.049508587839720605,0.09853901824990591
c920,green,16,0.5639755430000001,32.05008900000006,77,7.423892390974381,19.448701256726586,0.11581272129920034,0.30339973960493477
c920,red,17,0.59997542,35.999876999999955,78,2.7349178515886887,7.557584902743932,0.04266471848478354,0.11789832448280534
c920,green,17,0.59997542,35.999876999999955,78,6.433411056292854,15.969574547504457,0.10036121247816851,0.24912536294106952
c920,red,18,0.6319340090000001,31.95858900000004,79,3.480447403035898,7.639954974329214,0.05429497948736001,0.11918329759953573
c920,green,18,0.6319340090000001,31.95858900000004,79,5.727096546835102,18.36120844284348,0.08934270613062759,0.2864348517083583
c920,red,19,0.6639860790000001,32.052069999999986,78,4.014883365140767,7.488539497947986,0.06263218049619595,0.11682121616798857
c920,green,19,0.6639860790000001,32.052069999999986,78,6.162032020593422,14.936524256209243,0.09612769952125738,0.23300977839686418
c920,red,20,0.7000112900000001,36.025211,78,3.9205997640613512,9.98839692009561,0.061161356319357076,0.15581899195349153
c920,green,20,0.7000112900000001,36.025211,80,4.017067796375059,12.241015403447156,0.06266625762345093,0.1909598402937756
c920,red,21,0.731968619,31.957328999999923,77,5.560399669971944,10.303131735181708,0.08674223485156232,0.16072885506883464
c920,green,21,0.731968619,31.957328999999923,80,3.793002926136988,15.02981983917085,0.059170845647737016,0.23446518949106526
c920,red,22,0.763962763,31.994144000000002,79,6.154772202394555,9.648830573710061,0.09601444635735505,0.15052175694987693
c920,green,22,0.763962763,31.994144000000002,80,4.81472434188197,12.51205320983634,0.07510969973335874,0.1951880300734469
c920,red,23,0.799915511,35.952748000000035,78,5.313497353146653,8.889771610739063,0.08289055870908779,0.1386804371275294
c920,green,23,0.799915511,35.952748000000035,78,3.254681589545403,19.77254501085771,0.050773032796908285,0.3084517021693802
c920,red,24,0.863948281,64.03276999999996,78,1.3504728622887954,3.439837295565552,0.021067376651705206,0.053661461810822604
c920,green,24,0.863948281,64.03276999999996,79,2.5031480609433836,9.733698968268245,0.039049109750716786,0.1518457039049846
c920,red,25,0.895958888,32.01060700000002,79,4.889306238266171,9.975319603799207,0.07627317731695225,0.1556149858192676
c920,green,25,0.895958888,32.01060700000002,78,5.103328093658161,11.634036848226277,0.07961191826106731,0.18149097483232993
c920,red,26,0.931940895,35.98200699999998,77,3.5918567184310004,8.604244839166492,0.0560329648075236,0.13422621949099725
c920,green,26,0.931940895,35.98200699999998,79,3.79471522035855,12.500571146345681,0.059197557437593376,0.1950089098829926
c920,red,27,0.9639879090000001,32.0470140000001,79,3.825037775324519,10.079548348473573,0.05967058929506249,0.15724095423618772
c920,green,27,0.9639879090000001,32.0470140000001,79,3.787807400485183,15.27601078529111,0.05908979544756886,0.23830576825054128
c920,red,28,0.995955276,31.967366999999914,77,3.216834062830361,11.143511847016311,0.050182611380153626,0.17383878481345447
c920,green,28,0.995955276,31.967366999999914,79,4.918771507917148,15.340532485631194,0.0767328355235075,0.2393123067758466
c920,red,29,1.031942172,35.986896000000044,80,2.3230557153054336,5.426600275647327,0.03623966915876477,0.08465496430009829
c920,green,29,1.031942172,35.986896000000044,80,5.847233077400723,15.283582621436056,0.09121683600745129,0.23842388889440244
c920,red,30,1.063981834,32.03966200000008,78,2.5255124763915022,6.705243254248643,0.039397994631707435,0.10460179476627882
c920,green,30,1.063981834,32.03966200000008,78,6.697884715703928,16.287688516235473,0.10448700156498128,0.25408794085327335
c920,red,31,1.09597496,31.993125999999926,79,2.6125705342391266,6.146060013968183,0.04075610033413037,0.09587853621790365
c920,green,31,1.09597496,31.993125999999926,79,6.201180190949549,24.40029413584092,0.09673841097881297,0.3806445885191183
c920,red,32,1.1319505779999999,35.97561799999993,79,3.304594467824979,7.226689425441777,0.05155167369806967,0.11273635503689172
c920,green,32,1.1319505779999999,35.97561799999993,80,5.078948464213043,18.80354186254055,0.07923159604172347,0.29333525305563257
c920,red,33,1.163991963,32.04138500000009,79,4.039332506617074,8.925227123689691,0.06301358710322635,0.13923354312955918
c920,green,33,1.163991963,32.04138500000009,80,5.0541278764409086,17.315122225550972,0.07884439487247816,0.27011590671859514
c920,red,34,1.1959612739999999,31.96931099999989,78,4.261865026453733,9.659002354413513,0.06648509441267822,0.1506804367288508
c920,green,34,1.1959612739999999,31.96931099999989,79,3.893126289757207,17.75603876854739,0.06073277012021243,0.27699420478933934
c920,red,35,1.2319854849999998,36.02421099999997,79,3.2086704718926256,7.673744689137849,0.050055259361524954,0.11971041715055045
c920,green,35,1.2319854849999998,36.02421099999997,80,3.8508167071883532,11.352832341788625,0.0600727406321383,0.17710418453190252
c920,red,36,1.264082962,32.09747700000021,79,3.1152598029257152,8.027310807632562,0.04859805292564116,0.12522604859906797
c920,green,36,1.264082962,32.09747700000021,79,3.6004294439390723,13.708740119292953,0.05616669932544952,0.21385634586097005
c920,red,37,1.295971717,31.88875499999999,79,3.5365928763229366,8.005986992283269,0.055170848870637806,0.124893397079619
c920,green,37,1.295971717,31.88875499999999,79,4.106925419440727,13.765582230772093,0.06406803654327534,0.21474308280004464
c920,red,38,1.3280369909999998,32.06527399999981,79,3.416221297254656,8.772435967988029,0.053293052237172636,0.13685000110061324
c920,green,38,1.3280369909999998,32.06527399999981,80,4.30083844035726,14.871450558781127,0.06709307966957326,0.2319946287169856
c920,red,39,1.427971009,99.93401800000012,78,0.8019826088137487,3.0026870053808925,0.01251092869749448,0.04684191728394192
c920,green,39,1.427971009,99.93401800000012,78,1.7682777862129422,5.397221165064288,0.027585133464921897,0.08419665017500289
c920,red,40,1.4644259039999998,36.45489499999988,79,2.8812967959406297,8.381979119224525,0.04494823001667382,0.1307588742599026
c920,green,40,1.4644259039999998,36.45489499999988,79,6.194767074347993,14.056318236446586,0.09663836635982868,0.21927856448856672
c920,red,41,1.4960059559999999,31.580052000000023,79,3.921799097798487,9.830267337748907,0.0611800659256564,0.15335217046888294
c920,green,41,1.4960059559999999,31.580052000000023,80,6.066574019014128,15.943740992507324,0.09463855469662039,0.24872235948311425
c920,red,42,1.5280413039999998,32.03534799999996,79,4.06836840956605,8.770290517409789,0.06346654718923038,0.13681653207159272
c920,green,42,1.5280413039999998,32.03534799999996,80,6.279820105992524,19.506289168198276,0.09796519365348337,0.3042981110238931
c920,red,43,1.564229181,36.18787700000014,78,4.261415600637362,7.597378407442629,0.06647808336994285,0.11851910315610502
c920,green,43,1.564229181,36.18787700000014,79,4.5547710175176865,22.921388066945305,0.07105442787327591,0.35757365384434675
c920,red,44,1.596240862,32.01168099999996,78,5.043206610174802,9.705036898529153,0.0786740231187269,0.15139857561705478
c920,green,44,1.596240862,32.01168099999996,80,4.754617625077527,20.75393943470516,0.07417203495120943,0.3237614551814005
c920,red,45,1.62800484,31.76397800000008,79,5.038229980000493,10.121894908638566,0.07859638768800768,0.15790156057476162
c920,green,45,1.62800484,31.76397800000008,80,4.181071591409449,17.627440238681775,0.0652247168259874,0.2749880677234357
c920,red,46,1.664203643,36.198803,79,3.883474342986817,8.668472715323194,0.06058219975059434,0.13522817435904183
c920,green,46,1.664203643,36.198803,80,4.539381305279049,13.999626504764205,0.07081434836235315,0.21839417347432158
c920,red,47,1.696013917,31.810273999999914,78,4.957725464120331,9.596934136350916,0.07734051724027717,0.14971217252707428
c920,green,47,1.696013917,31.810273999999914,80,4.5721850325022295,13.749548964337073,0.07132608650703479,0.21449296384365835
c920,red,48,1.728756652,32.742735000000025,79,5.0371028384791625,9.037297353473104,0.07857880428027493,0.1409818387141804
c920,green,48,1.728756652,32.742735000000025,80,4.436086975304978,13.865359116956311,0.06920295681475763,0.21629960222451847
c920,red,49,1.764027735,35.27108300000003,77,4.342344939006929,8.09788394834474,0.06774058104850808,0.12632698959417793
c920,green,49,1.764027735,35.27108300000003,79,3.931030850730475,10.978150820476626,0.06132408127139541,0.17125915279943535
c920,red,50,1.796275527,32.24779199999994,78,4.423840286255674,10.452576989884479,0.06901190846558851,0.16306020104219787
c920,green,50,1.796275527,32.24779199999994,80,4.752229966053156,15.134214118516505,0.07413478747042923,0.2360937402488575
c920,red,51,1.8304113519999998,34.1358249999999,79,3.4652044594207574,9.424150431290073,0.054057189566963815,0.14701674672812512
c920,green,51,1.8304113519999998,34.1358249999999,80,3.805729059606168,13.127745478416392,0.059369373329856215,0.2047928294632957
c920,red,52,1.860032556,29.621204000000123,76,3.1852082061441784,8.400042669654248,0.04968924801584918,0.13104066564660627
c920,green,52,1.860032556,29.621204000000123,80,5.477243775252265,14.690056272627766,0.08544500289393533,0.22916487785299314
c920,red,53,1.896375229,36.34267300000005,79,2.653042191924161,8.65254385463246,0.04138745819401691,0.13497968413226638
c920,green,53,1.896375229,36.34267300000005,80,3.812185061683728,15.454204155650134,0.05947008696226615,0.24108558482814207
c920,red,54,1.9613405899999998,64.96536099999983,78,1.4148173662592154,4.125768704871116,0.02207115091364376,0.0643619917959894
c920,green,54,1.9613405899999998,64.96536099999983,80,2.0981884826975974,7.959011062760476,0.03273174033008251,0.12416057257906342
c920,red,55,1.996355951,35.015361000000134,79,2.7969422796100742,6.69665685935238,0.04363229956191716,0.10446784700589713
c920,green,55,1.996355951,35.015361000000134,80,5.566115071463288,14.559311177122444,0.08683139511482729,0.2271252543631101
c920,red,56,2.028040669,31.684718000000167,78,4.044125600665753,8.963087940402849,0.06308835937038575,0.13982417187028445
c920,green,56,2.028040669,31.684718000000167,80,6.998291262094524,16.486836195991586,0.10917334368867457,0.2571946446574688
c920,red,57,2.06001874,31.97807099999972,77,4.497165160462164,9.119765789229614,0.07015577650320975,0.14226834631198199
c920,green,57,2.06001874,31.97807099999972,80,6.326798738576775,15.495248794395089,0.09869806032179768,0.24172588119256336
c920,red,58,2.128074335,68.05559500000014,77,1.2065053099495053,2.604177070862783,0.018821482835212282,0.040625162305459414
c920,green,58,2.128074335,68.05559500000014,80,1.8679517293371206,7.181866324844366,0.02914004697765908,0.11203711466757212
c920,red,59,2.160054979,31.98064399999989,78,5.003009356738791,9.014496991181213,0.07804694596512513,0.1406261530624269
c920,green,59,2.160054979,31.98064399999989,80,7.039765208947934,18.92415396195158,0.10982033725958776,0.2952168018064446
c920,red,60,2.192294697,32.239718000000025,77,6.297219550864177,10.690323642556491,0.09823662499348115,0.16676904882388124
c920,green,60,2.192294697,32.239718000000025,79,6.792182231105258,17.10838204489957,0.10595804280524201,0.2668907599004333
c920,red,61,2.228499167,36.20446999999993,77,4.881060383409208,12.35968105319344,0.07614454198118364,0.19281102442981765
c920,green,61,2.228499167,36.20446999999993,80,5.13736894235295,14.458201279285914,0.08014295550070602,0.22554793995686023
c920,red,62,2.260093478,31.594311000000097,76,5.457539810845985,12.95323868264221,0.08513762104919737,0.20207052344921847
c920,green,62,2.260093478,31.594311000000097,80,4.810664868710548,15.759036036007034,0.07504637195188454,0.24584096216170973
c920,red,63,2.292662751,32.56927300000001,78,6.789992912946467,12.56371456287212,0.10592388944196487,0.19599394718080507
c920,green,63,2.292662751,32.56927300000001,80,3.719480862788595,13.964759848242537,0.058023901459502085,0.21785025363258356
c920,red,64,2.328114889,35.45213800000013,80,5.920188254712048,9.800555280167801,0.09235493677350795,0.15288866237061768
c920,green,64,2.328114889,35.45213800000013,78,4.208692316513556,15.113279928887655,0.06565560013761149,0.23576716689064742
c920,red,65,2.360098199,31.983309999999765,79,5.2967763207177105,9.887686225761998,0.08262971060319628,0.15424790512188719
c920,green,65,2.360098199,31.983309999999765,78,4.652263104943048,12.823621531305374,0.07257530443711152,0.20004849588836382
c920,red,66,2.3927746759999997,32.67647699999987,77,3.915226757052915,9.467764069473759,0.06107753741002547,0.14769711948379063
c920,green,66,2.3927746759999997,32.67647699999987,78,4.258681096533994,13.875307637678953,0.06643542510593031,0.21645479914779167
c920,red,67,2.428018684,35.24400800000027,78,3.6887555814265394,8.363944088459595,0.057544587070254005,0.1304775277799697
c920,green,67,2.428018684,35.24400800000027,79,4.376354896668731,14.2740025195245,0.0682711363880322,0.2226744393045822
c920,red,68,2.460043273,32.02458900000016,79,3.4197000343141397,8.302504891736126,0.05334732053530058,0.12951907631108356
c920,green,68,2.460043273,32.02458900000016,79,5.823500661262124,12.71787669898644,0.09084661031568914,0.19839887650418847
c920,red,69,2.492114713,32.071439999999726,78,3.1397361543435487,7.227557265733948,0.04897988400775936,0.11274989334544958
c920,green,69,2.492114713,32.071439999999726,79,5.446551421854539,10.223118847243505,0.0849662021809308,0.15948065401699868
c920,red,70,2.528265331,36.15061800000019,78,2.3436289597533184,5.937650723064082,0.036560611772151766,0.09262735127979968
c920,green,70,2.528265331,36.15061800000019,79,4.611603598461163,11.803711921778222,0.07194101613599414,0.18413790597974025
c920,red,71,2.560700178,32.43484699999976,79,3.019292639377746,9.39608529346428,0.04710096517429283,0.14657893057804275
c920,green,71,2.560700178,32.43484699999976,80,4.676467560122278,14.69096850392106,0.07295289393790755,0.22917910866116853
c920,red,72,2.592082286,31.382108000000297,79,2.7453826772235055,6.415350824844184,0.04282796976468668,0.10007947286756927
c920,green,72,2.592082286,31.382108000000297,79,5.317285149418952,16.533335150517203,0.08294964833093564,0.2579200283480684
c920,red,73,2.6290909399999998,37.00865399999964,78,2.5585535960667714,5.344989012804399,0.03991343609864163,0.08338182859974862
c920,green,73,2.6290909399999998,37.00865399999964,80,4.761807777777249,12.906718813923078,0.07428420133332508,0.20134481349720001
c920,red,74,2.663813838,34.72289800000006,77,2.8183989284207858,7.638458803281945,0.04396702328336426,0.11915995733119833
c920,green,74,2.663813838,34.72289800000006,80,4.692496785683886,12.821990076536432,0.07320294985666863,0.20002304519396832
c920,red,75,2.692077656,28.263818000000107,79,3.356669426227945,8.161411439822384,0.05236404304915594,0.1273180184612292
c920,green,75,2.692077656,28.263818000000107,80,5.72602647402801,15.27544329624337,0.08932601299483695,0.23829691542139655
c920,red,76,2.728622143,36.54448700000002,80,2.7119401971688366,6.918361802429421,0.04230626707583385,0.10792644411789896
c920,green,76,2.728622143,36.54448700000002,80,4.803566698945347,13.709671639721591,0.0749356405035474,0.2138708775796568
c920,red,77,2.760319732,31.697589000000193,76,2.902257697461522,7.097529754691144,0.04527522008039973,0.11072146417318185
c920,green,77,2.760319732,31.697589000000193,80,4.112133042918618,11.118828901124107,0.06414927546953043,0.17345373085753607
c920,red,78,2.792028136,31.708403999999746,77,6.139218958175944,11.763435753315747,0.09577181574754473,0.18350959775172565
c920,green,78,2.792028136,31.708403999999746,80,3.760204396960819,11.203259214382898,0.05865918859258878,0.1747708437443732
c920,red,79,2.824113539,32.08540299999996,76,3.0368536521010605,8.225219794105598,0.04737491697277654,0.1283134287880473
c920,green,79,2.824113539,32.08540299999996,80,7.115368959817078,17.787433996887156,0.11099975577314641,0.2774839703514396
c920,red,80,2.860068621,35.95508200000008,78,2.9727110807295682,7.370133782649039,0.046374292859381265,0.114974087009325
c920,green,80,2.860068621,35.95508200000008,80,5.883655108424287,13.832488607684857,0.09178501969141888,0.21578682227988374
c920,red,81,2.893019967,32.95134599999994,77,2.884244984787157,7.180815250169289,0.04499422176267965,0.1120207179026409
c920,green,81,2.893019967,32.95134599999994,80,4.175019664519293,18.603940271527236,0.06513030676650097,0.2902214682358249
c920,red,82,2.9259132759999997,32.893308999999874,80,3.512151229988923,8.971118176870135,0.05478955918782719,0.1399494435591741
c920,green,82,2.9259132759999997,32.893308999999874,80,4.593096022233521,17.9565509503412,0.07165229794684291,0.2801221948253227
c920,red,83,2.9564868669999997,30.57359100000001,79,3.603089263092115,11.219183309286523,0.05620819250423699,0.17501925962486975
c920,green,83,2.9564868669999997,30.57359100000001,80,4.300606750313191,17.8233233304172,0.0670894653048858,0.2780438439545083
c920,red,84,2.992040857,35.55399000000037,78,3.2620621516302624,9.034831160871123,0.05088816956543209,0.14094336610958952
c920,green,84,2.992040857,35.55399000000037,79,5.215291249194246,17.058290436329223,0.08135854348743024,0.2661093308067359
c920,red,85,3.024334982,32.29412499999995,79,4.1136466005478765,10.6654330033314,0.06417288696854687,0.1663807548519698
c920,green,85,3.024334982,32.29412499999995,80,6.959926418695359,16.286152051500462,0.10857485213164758,0.2540639720034072
c920,red,86,3.060639562,36.304579999999916,79,3.929724515126641,11.14594801577625,0.0613037024359756,0.1738767890461095
c920,green,86,3.060639562,36.304579999999916,80,8.318267408277109,17.17119987304864,0.12976497156912292,0.26787071801955875
c920,red,87,3.092036059,31.3964969999998,79,4.721107462460007,9.00126302107395,0.0736492764143761,0.1404197031287536
c920,green,87,3.092036059,31.3964969999998,80,8.764906268869273,16.75800445606549,0.13673253779436068,0.2614248695146216
c920,red,88,3.124096592,32.06053300000011,77,4.529018658854449,7.975632879250797,0.0706526910781294,0.12441987291631243
c920,green,88,3.124096592,32.06053300000011,80,4.262472625548812,15.590523176497614,0.06649457295856147,0.24321216155336275
c920,red,89,3.1600473769999997,35.95078499999982,79,4.712409674463219,9.722673686163876,0.07351359092162621,0.15167370950415646
c920,green,89,3.1600473769999997,35.95078499999982,80,3.429545645448368,15.185165574848192,0.053500912068994544,0.23688858296763177
c920,red,90,3.192031799,31.98442200000029,80,6.609925584092197,11.41202720339485,0.10311483911183827,0.17802762437295963
c920,green,90,3.192031799,31.98442200000029,80,5.362053713814659,15.00321281932694,0.08364803793550868,0.23405011998150024
c920,red,91,3.224181795,32.14999599999979,79,4.771722727288615,10.026800244754558,0.07443887454570239,0.15641808381817107
c920,green,91,3.224181795,32.14999599999979,80,5.729827474348814,19.0103872818727,0.08938530859984149,0.2965620415972141
c920,red,92,3.256082069,31.900274000000284,79,4.108341056989357,10.17736035227045,0.06409012048903397,0.15876682149541899
c920,green,92,3.256082069,31.900274000000284,79,3.816229855465915,16.80778640054632,0.059533185745268266,0.2622014678485226
c920,red,93,3.292037743,35.955673999999775,79,3.4590865871792085,6.600479438429685,0.05396175075999565,0.10296747923950308
c920,green,93,3.292037743,35.955673999999775,80,3.360588212222789,9.536632466137572,0.05242517611067551,0.14877146647174613
c920,red,94,3.324091887,32.05414399999995,79,3.61049013190325,9.154764331726327,0.0563236460576907,0.14281432357493068
c920,green,94,3.324091887,32.05414399999995,79,4.77298413723217,13.23450157851908,0.07445855254082184,0.2064582246248976
c920,red,95,3.3560867709999997,31.994883999999946,79,3.7630231385962136,7.835810309680847,0.05870316096210093,0.12223864083102119
c920,green,95,3.3560867709999997,31.994883999999946,80,4.463240910977719,12.871040800981916,0.06962655821125241,0.20078823649531788
c920,red,96,3.392055316,35.96854500000024,80,3.167412196784179,7.019515802992684,0.049411630269833196,0.10950444652668587
c920,green,96,3.392055316,35.96854500000024,79,2.6477715035214198,17.39741391492633,0.04130523545493415,0.27139965707285074
c920,red,97,3.424116608,32.06129199999985,79,3.483016299086601,7.303549429535916,0.05433505426575097,0.11393537110076028
c920,green,97,3.424116608,32.06129199999985,79,3.1273866346778187,16.381049659619634,0.04878723150097397,0.2555443746900663
c920,red,98,3.4601427069999997,36.02609899999987,79,2.8061438002635617,10.485379149733124,0.04377584328411156,0.1635719147358367
c920,green,98,3.4601427069999997,36.02609899999987,79,3.164759339256601,11.40340185672349,0.049370245692402975,0.17789306896488644
c920,red,99,3.492052759,31.91005200000019,79,3.515487202015851,8.06536185864386,0.05484160035144727,0.12581964499484422
c920,green,99,3.492052759,31.91005200000019,80,3.973648648107726,16.936753979902793,0.06198891891048053,0.26421336208648355
c920,red,100,3.524457699,32.40494000000016,80,3.427775672055143,7.874246165156129,0.05347330048406023,0.1228382401764356
c920,green,100,3.524457699,32.40494000000016,80,4.933772589826715,14.775618556208222,0.07696685240129675,0.23049964947684823
c920,red,101,3.556128121,31.67042199999992,79,3.9933488831351855,8.570990777827443,0.06229624257690889,0.13370745613410812
c920,green,101,3.556128121,31.67042199999992,80,4.755144238533429,13.807453223307197,0.07418025012112149,0.21539627028359226
c920,red,102,3.592107462,35.979341,80,3.181931267784152,7.682511328490687,0.04963812777743277,0.11984717672445472
c920,green,102,3.592107462,35.979341,80,4.489405056076673,16.119005746024495,0.07003471887479609,0.2514564896379822
c920,red,103,3.624095421,31.987958999999844,79,3.2097616392625743,7.294976175486695,0.05007228157249616,0.11380162833759243
c920,green,103,3.624095421,31.987958999999844,80,4.378794661505172,19.59288016540827,0.06830919671948067,0.305648930580369
c920,red,104,3.656119639,32.024218000000104,77,2.6202003320944103,6.5207411889925275,0.0408751251806728,0.10172356254828341
c920,green,104,3.656119639,32.024218000000104,80,5.70441418102207,12.53819108637614,0.08898886122394428,0.19559578094746777
c920,red,105,3.692207387,36.08774799999992,78,2.840923376003282,6.35633556161541,0.04431840466565119,0.09915883476120038
c920,green,105,3.692207387,36.08774799999992,80,5.2570568287031145,11.467725537605318,0.08201008652776859,0.17889651838664294
c920,red,106,3.725671398,33.46401099999996,78,3.316794627969893,9.402356555162688,0.05174199619633033,0.14667676226053794
c920,green,106,3.725671398,33.46401099999996,80,7.089188673697311,13.61974833583716,0.11059134330967804,0.21246807403905968
c920,red,107,3.756134434,30.463036,78,3.960735525610292,7.900129242890881,0.06178747419952055,0.12324201618909775
c920,green,107,3.756134434,30.463036,80,7.5197888104476185,14.531148469449429,0.11730870544298286,0.22668591612341107
c920,red,108,3.824132456,67.99802200000028,80,1.8346484989031344,3.4905222143151646,0.028620516582888895,0.054452146543316565
c920,green,108,3.824132456,67.99802200000028,80,1.8523873387046716,5.635741284569382,0.028897242483792877,0.08791756403928234
c920,red,109,3.856138137,32.00568099999978,79,4.651317599839969,9.18137114692849,0.07256055455750351,0.14322938989208445
c920,green,109,3.856138137,32.00568099999978,80,6.469251977973059,13.244205618014963,0.1009203308563797,0.20660960764103342
c920,red,110,3.8881434109999997,32.00527399999986,78,5.6953302399115096,11.606003508127342,0.08884715174261953,0.1810536547267865
c920,green,110,3.8881434109999997,32.00527399999986,80,6.205452002274316,17.154508345989,0.09680505123547932,0.2676103301974284
c920,red,111,3.924146899,36.00348800000042,78,5.451595727260505,9.183695692476121,0.08504489334526388,0.14326565280262749
c920,green,111,3.924146899,36.00348800000042,80,4.2866298595143295,13.569267123996118,0.06687142580842353,0.21168056713433944
c920,red,112,3.95615971,32.01281099999997,80,10.013478340286657,13.952120568779812,0.15621026210847186,0.21765308087296506
c920,green,112,3.95615971,32.01281099999997,80,5.040259215217783,12.62147997866652,0.0786280437573974,0.1968950876671977
c920,red,113,3.988080317,31.92060699999999,71,50.3420697454859,92.72636398792378,0.78533628802958,1.4465312782116109
c920,green,113,3.988080317,31.92060699999999,80,11.51291168315833,36.64918688636834,0.17960142225726994,0.5717273154273461
c920,red,114,4.024119306,36.03898899999969,51,291.81528425295915,520.1238469918503,4.552318434346162,8.113932013072866
c920,green,114,4.024119306,36.03898899999969,47,240.5700766848348,435.6274582945383,3.7528931962834227,6.7957883493947975
c920,red,115,4.056045969,31.926663000000133,34,669.699429197801,1111.12659033946,10.447311095485695,17.33357480929558
c920,green,115,4.056045969,31.926663000000133,57,579.2232843443409,746.032266386873,9.035883235771717,11.638103355635216
c920,red,116,4.088044594,31.998624999999947,51,1040.3063373089244,1357.9733280621035,16.22877886201922,21.184383917768812
c920,green,116,4.088044594,31.998624999999947,55,971.7059713904905,1312.2869740349483,15.15861315369165,20.471676794945196
c920,red,117,4.120075127000001,32.03053300000036,28,1259.28284970407,1512.086867075213,19.644812455383487,23.58855512637332
c920,green,117,4.120075127000001,32.03053300000036,44,1496.0005963696344,1744.9358594325638,23.337609303366296,27.220999407147993
c920,red,118,4.156065875,35.990747999999684,34,839.9277161957723,1335.460887451777,13.102872372654048,20.83318984424772
c920,green,118,4.156065875,35.990747999999684,44,1400.72331108393,1757.3707448074326,21.851283652909306,27.414983618995947
c920,red,119,4.188064704,31.99882899999995,42,1210.0706771541004,1540.4757440157418,18.87710256360397,24.03142160664557
c920,green,119,4.188064704,31.99882899999995,48,1361.720144495831,1630.67918794239,21.242834254134962,25.438595331901283
c920,red,120,4.220334459,32.26975499999973,43,1091.992855574204,1458.7684757061645,17.03508854695758,22.756788221016166
c920,green,120,4.220334459,32.26975499999973,64,1011.3485684876446,1450.7432015771328,15.777037668407255,22.631593944603274
c920,red,121,4.256068707000001,35.73424800000069,36,1005.5441586907526,1255.867704015728,15.68648887557574,19.591536182645353
c920,green,121,4.256068707000001,35.73424800000069,61,945.0866860595071,1214.9068870009085,14.74335230252831,18.95254743721417
c920,red,122,4.288053426,31.98471899999955,37,1004.340529396619,1381.7266454778899,15.667712258587256,21.55493566945508
c920,green,122,4.288053426,31.98471899999955,70,1019.836392781925,1494.8935633781257,15.909447727398032,23.32033958869876
c920,red,123,4.324074747,36.02132099999977,45,804.1147570435176,1110.2494250640932,12.544190209878874,17.31989103099985
c920,green,123,4.324074747,36.02132099999977,67,861.3278884745658,1169.078060791383,13.436715060203227,18.237617748345574
c920,red,124,4.352132603,28.057856000000214,48,1110.367029709988,1511.4775821247183,17.321725663475814,23.579050281145605
c920,green,124,4.352132603,28.057856000000214,71,1091.5438623637488,1632.1411848610792,17.02808425287448,25.461402483832835
c920,red,125,4.388914553,36.78194999999995,47,826.7495268984898,1055.6080346651672,12.89729261961644,16.467485340776612
c920,green,125,4.388914553,36.78194999999995,73,859.9162768270827,1141.1545197528915,13.41469391850249,17.802010508145106
c920,red,126,4.4202719020000005,31.357349000000312,48,1004.6689128395246,1347.4900361456464,15.672835040296583,21.020844563872085
c920,green,126,4.4202719020000005,31.357349000000312,67,962.7851277416903,1346.9016862613948,15.019447992770369,21.01166630567776
c920,red,127,4.456068131,35.79622899999979,53,934.0372730597942,1145.5328111828103,14.570981459732788,17.870311854451842
c920,green,127,4.456068131,35.79622899999979,72,851.309672048057,1152.4796178172442,13.280430883949688,17.97868203794901
c920,red,128,4.48806609,31.99795899999991,57,948.5658124749473,1332.2617820519085,14.797626674609177,20.783283800009773
c920,green,128,4.48806609,31.99795899999991,67,971.8812484690118,1494.3993742717164,15.161347476116584,23.312630238638775
c920,red,129,4.520108512,32.04242199999996,54,988.2859960967648,1268.0554983483805,15.417261539109532,19.781665774234735
c920,green,129,4.520108512,32.04242199999996,64,886.8532539146265,1248.2909968410002,13.834910761068173,19.4733395507196
c920,red,130,4.552104064000001,31.995552000000593,60,889.4938177843584,1171.527815524946,13.87610355743599,18.275833922189157
c920,green,130,4.552104064000001,31.995552000000593,64,898.1895430670825,1290.6822573988195,14.011756871846485,20.134643215421583
c920,red,131,4.588092367000001,35.98830299999989,52,987.8057041605282,1210.2562585783369,15.409768984904238,18.879997633822057
c920,green,131,4.588092367000001,35.98830299999989,56,794.6280480355347,1126.2566849056968,12.39619754935434,17.569604284528868
c920,red,132,4.620166956,32.0745889999996,55,924.6567219960664,1248.0968357992178,14.424644863138635,19.470310638467797
c920,green,132,4.620166956,32.0745889999996,62,878.3728766900141,1268.8447750464154,13.70261687636422,19.79397849072408
c920,red,133,4.652131322000001,31.96436600000041,59,932.4817436858219,1183.7023690437013,14.546715201498822,18.465756957081737
c920,green,133,4.652131322000001,31.96436600000041,55,840.4494646679391,1320.37868215885,13.111011648819849,20.59790744167806
c920,red,134,4.688077681,35.94635899999954,53,838.1687693228605,1075.3815259853857,13.075432801436623,16.775951805372014
c920,green,134,4.688077681,35.94635899999954,60,707.4553796354005,1126.10698604308,11.036303922312248,17.567268982272044
c920,red,135,4.721538693,33.46101200000007,61,882.5386328138351,1096.6330066919445,13.767602671895826,17.107474904394333
c920,green,135,4.721538693,33.46101200000007,60,820.4590667830133,1243.7263933985305,12.799161441815006,19.402131737017076
c920,red,136,4.7521077290000004,30.56903600000016,53,1105.3282689808461,1284.473520463986,17.243120996101197,20.037786919238183
c920,green,136,4.7521077290000004,30.56903600000016,51,677.8222154904784,1043.5203491210723,10.574026561651461,16.278917446288727
c920,red,137,4.788086402,35.978672999999795,62,861.7865268043838,1121.3499874519762,13.443869818148388,17.49305980425083
c920,green,137,4.788086402,35.978672999999795,49,825.1539044593565,1261.628487978993,12.87240090956596,19.68140441247229
c920,red,138,4.820269694,32.18329200000003,58,945.491686002579,1238.8941966337231,14.74967030164023,19.32674946748608
c920,green,138,4.820269694,32.18329200000003,47,971.6785247746755,1280.8036814606892,15.158184986484937,19.98053743078675
c920,red,139,4.852142265,31.87257100000007,56,924.7984949304023,1232.6955180004031,14.426856520914274,19.230050080806286
c920,green,139,4.852142265,31.87257100000007,47,1159.066804455866,1643.0107565678911,18.08144214951151,25.6309678024591
c920,red,140,4.884896889,32.75462399999984,57,915.9524087204976,1121.565033924041,14.288857576039762,17.496414529215038
c920,green,140,4.884896889,32.75462399999984,47,1020.6928250270932,1239.8182197893889,15.922808070422654,19.341164228714465
c920,red,141,4.920152434,35.255545000000055,51,949.5667174418375,1151.9611754002538,14.813240792092664,17.970594336243956
c920,green,141,4.920152434,35.255545000000055,44,961.7330632608817,1442.615118145542,15.003035786869756,22.504795843070454
c920,red,142,4.952120078,31.96764399999985,52,1108.5563549941912,1279.7199293492533,17.293479137909383,19.96363089784835
c920,green,142,4.952120078,31.96764399999985,34,1001.574807348152,1297.7183626527858,15.62456699463117,20.24440645738346
c920,red,143,4.984255945,32.13586700000004,56,957.1857709268502,1158.2336392298603,14.932098026458862,18.068444771985817
c920,green,143,4.984255945,32.13586700000004,29,1151.5455354243193,1472.1731638588024,17.96411035261938,22.965901356197314
c920,red,144,5.020118674000001,35.86272900000065,44,871.8599146766387,1085.8768199285228,13.601014668955564,16.939678390884954
c920,green,144,5.020118674000001,35.86272900000065,15,526.9205508937866,784.3235090714636,8.219960593943071,12.235446741514831
c920,red,145,5.0523113550000005,32.19268099999972,45,842.4361394107544,1223.3441512577829,13.142003774807769,19.084168759621413
c920,green,145,5.0523113550000005,32.19268099999972,20,1396.0696291327183,1748.1164942670496,21.778686214470405,27.27061731056597
c920,red,146,5.084244944,31.93358899999943,60,833.4541221557834,1132.1367160137245,13.00188430563022,17.661332769814102
c920,green,146,5.084244944,31.93358899999943,31,906.1952838753162,1105.0202055969842,14.136646428454933,17.23831520731295
c920,red,147,5.120765894000001,36.520950000000774,47,607.2620023269258,906.5452200171934,9.473287236300042,14.142105432268217
c920,green,147,5.120765894000001,36.520950000000774,25,1307.747025970161,1409.0927749831608,20.40085360513451,21.981847289737306
c920,red,148,5.152167465000001,31.40157099999996,67,663.2808307146013,1223.2408790010538,10.34718095914778,19.08255771241644
c920,green,148,5.152167465000001,31.40157099999996,34,1062.550372174119,1264.951179745016,16.575785805916254,19.73323840402225
c920,red,149,5.18414961,31.98214499999974,60,723.7638728760967,1050.0492378611364,11.290716416867108,16.380768110633728
c920,green,149,5.18414961,31.98214499999974,33,1094.395349111333,1525.1343302168061,17.072567446136794,23.79209555138217
c920,red,150,5.221353355000001,37.20374500000023,56,589.4350066539631,888.0361679337196,9.195186103801824,13.853364219766027
c920,green,150,5.221353355000001,37.20374500000023,27,859.5731244050858,1063.0906714740424,13.409340740719337,16.584214474995065
c920,red,151,5.252176594000001,30.823239000000058,66,729.8382242601251,1089.170591617332,11.385476298457952,16.991061229230382
c920,green,151,5.252176594000001,30.823239000000058,31,1117.5573228250912,1587.9152901963926,17.43389423607142,24.77147852706372
c920,red,152,5.2842107380000005,32.03414399999982,62,874.2659385381378,1166.4659300458275,13.638548641194948,18.196868508714907
c920,green,152,5.2842107380000005,32.03414399999982,42,1035.939182171715,1372.8398448466335,16.160651241878753,21.41630157960748
c920,red,153,5.3203159300000005,36.10519199999995,69,861.7636521946225,1224.4330804154274,13.44351297423611,19.10115605448067
c920,green,153,5.3203159300000005,36.10519199999995,39,894.7615140134297,1298.355111229346,13.958279618609504,20.254339735177798
c920,red,154,5.353192721,32.87679099999963,70,965.0894370962493,1179.6648309458794,15.055395218701488,18.40277136275572
c920,green,154,5.353192721,32.87679099999963,37,985.1227206346499,1332.7223043166307,15.367914441900538,20.790467947339437
c920,red,155,5.384224811,31.032090000000068,70,966.3981214917001,1397.1354457467573,15.07581069527052,21.79531295364941
c920,green,155,5.384224811,31.032090000000068,42,949.8326329608933,1543.562699446845,14.817389074189936,24.079578111370783
c920,red,156,5.420182948000001,35.95813700000061,70,808.3444257524051,1073.5434741093025,12.610173041737518,16.747278196105118
c920,green,156,5.420182948000001,35.95813700000061,39,743.1710949390355,1134.919430986233,11.593469081048953,17.70474312338523
c920,red,157,5.452168444000001,31.98549599999989,74,917.5424215172584,1129.5375242643377,14.313661775669232,17.620785378523667
c920,green,157,5.452168444000001,31.98549599999989,48,926.6693126043688,1218.1202647918888,14.456041276628152,19.002676130753464
c920,red,158,5.48824484,36.076395999999455,71,899.0746318370706,1306.1184782270043,14.025564256658301,20.37544826034127
c920,green,158,5.48824484,36.076395999999455,43,680.2739960731276,996.5952243246593,10.61227433874079,15.546885499464684
c920,red,159,5.516577731,28.332890999999805,72,1140.3064154334465,1476.875281172377,17.788780080761768,23.039254386289084
c920,green,159,5.516577731,28.332890999999805,44,804.3478089039058,1232.6718824212733,12.54782581890093,19.229681365771864
c920,red,160,5.552176962000001,35.59923100000084,72,873.1564768924642,1246.596838289766,13.621241039522442,19.446910677320346
c920,green,160,5.552176962000001,35.59923100000084,57,659.8625643252318,1025.413697168653,10.293856003473616,15.996453675830985
c920,red,161,5.584260939,32.08397699999921,70,985.3792601339225,1319.1111150672668,15.371916458089188,20.57813339504936
c920,green,161,5.584260939,32.08397699999921,56,708.7803077533076,1094.4877579141744,11.056972800951598,17.07400902346112
c920,red,162,5.616356379,32.095439999999975,67,989.3747311145763,1392.7540225381442,15.43424580538739,21.72696275159505
c920,green,162,5.616356379,32.095439999999975,52,806.3245176832364,1130.4202848697835,12.578662475858488,17.634556443968624
c920,red,163,5.652194627,35.83824800000013,65,889.3239817630101,1292.7430228915791,13.873454115502957,20.166791157108634
c920,green,163,5.652194627,35.83824800000013,52,674.7902669343252,1016.598795185903,10.526728164175474,15.858941204900086
c920,red,164,5.684237123,32.042495999999865,64,1020.203185989031,1345.7374894724792,15.915169701428882,20.993504835770675
c920,green,164,5.684237123,32.042495999999865,43,772.5784710253733,1095.238014309827,12.052224147995824,17.0857130232333
c920,red,165,5.717009692,32.77256900000047,58,871.0883045731598,1256.8503367270414,13.588977551341292,19.606865252941844
c920,green,165,5.717009692,32.77256900000047,46,927.9458929934117,1305.4867876761684,14.475955930697221,20.365593887748226
c920,red,166,5.752226478000001,35.21678600000033,61,831.01330376469,1137.249273805358,12.963807538729164,17.74108867136358
c920,green,166,5.752226478000001,35.21678600000033,52,803.5792808030928,1079.7393978994917,12.535836780528246,16.84393460723207
c920,red,167,5.784211993,31.985514999999687,59,1049.5559342777424,1324.077631999643,16.37307257473278,20.65561105919443
c920,green,167,5.784211993,31.985514999999687,62,675.5560972329465,1078.73187717247,10.538675116833964,16.82821728389053
c920,red,168,5.816221285,32.00929199999969,61,819.5777996614983,1259.4346654638784,12.785413674719372,19.647180781236504
c920,green,168,5.816221285,32.00929199999969,44,924.6383078931569,1225.4052212328886,14.424357603133249,19.116321451233063
c920,red,169,5.848228207,32.00692199999988,53,1213.2143502326944,1511.919647649532,18.92614386363003,23.585946503332696
c920,green,169,5.848228207,32.00692199999988,41,770.5045052917384,1029.525394053436,12.019870282551118,16.0605961472336
c920,red,170,5.8858743030000005,37.64609600000046,53,700.7098022739322,1024.9456446999275,10.931072915473342,15.989152057318867
c920,green,170,5.8858743030000005,37.64609600000046,38,897.4766269085243,1159.4846754890805,14.000635379772978,18.087960937629653
c920,red,171,5.916237802,30.363498999999905,52,1369.9200888074436,1692.5495923212698,21.37075338539612,26.40377364021181
c920,green,171,5.916237802,30.363498999999905,48,935.9540096078292,1218.5337015153232,14.600882549882137,19.00912574363904
c920,red,172,5.984535138,68.29733599999966,24,961.1978020757122,1276.9963250435164,14.99468571238111,19.921142670678858
c920,green,172,5.984535138,68.29733599999966,29,823.7970777752254,1067.0715300489446,12.851234413293515,16.646315868763534
c920,red,173,6.016215079,31.679941000000156,41,1132.3800483350908,1557.3356685552922,17.665128754027414,24.294436429462557
c920,green,173,6.016215079,31.679941000000156,56,823.3772080415274,1187.509060071189,12.844684445447825,18.525141337110547
c920,red,174,6.048222612,32.00753299999981,50,1032.180657921208,1334.6403511308547,16.10201826357084,20.82038947764133
c920,green,174,6.048222612,32.00753299999981,56,871.637321467841,1132.215489140684,13.59754221489832,17.66256163059467
c920,red,175,6.084268156,36.04554400000026,36,1058.1790043342098,1345.376208532628,16.50759246761367,20.987868853109
c920,green,175,6.084268156,36.04554400000026,58,757.0183845173989,994.2770913383613,11.809486798471422,15.510722624878435
c920,red,176,6.1168083730000005,32.540217000000204,50,986.9825116910172,1209.115715147219,15.396927182379867,18.862205156296614
c920,green,176,6.1168083730000005,32.540217000000204,56,812.118630953095,1119.4950765424892,12.669050642868282,17.464123194062832
c920,red,177,6.148208297,31.39992399999958,37,1226.2301876401564,1570.0839577286358,19.12919092718644,24.49330974056672
c920,green,177,6.148208297,31.39992399999958,64,783.1727267512044,1108.1877967764196,12.217494537318789,17.287729629712146
c920,red,178,6.184715173000001,36.50687600000069,44,935.4986783711945,1200.9726919280733,14.593779382590633,18.735173994077943
c920,green,178,6.184715173000001,36.50687600000069,52,592.4076749742803,788.2696564973207,9.241559729598773,12.297006641358204
c920,red,179,6.216299114000001,31.58394100000006,50,1153.4835164321591,1448.8731776177422,17.99434285634168,22.60242157083678
c920,green,179,6.216299114000001,31.58394100000006,60,765.0834655612066,987.944991724777,11.935302062754822,15.41194187090652
c920,red,180,6.248264870000001,31.965755999999956,36,1033.4130099980664,1531.9472865021141,16.121242955969834,23.89837766943298
c920,green,180,6.248264870000001,31.965755999999956,51,862.1960422848163,1340.795380419431,13.450258259643133,20.916407934543123
c920,red,181,6.284283377,36.018506999999644,46,968.3131177956316,1213.6126004055047,15.105684637611851,18.932356566325875
c920,green,181,6.284283377,36.018506999999644,55,991.7923408238057,1299.630282402557,15.471960516851368,20.274232405479886
c920,red,182,6.316222132,31.938754999999652,42,1207.0721705099563,1475.0572609051255,18.83032585995532,23.010893270119958
c920,green,182,6.316222132,31.938754999999652,63,1043.8710030988,1259.5118156311082,16.28438764834128,19.64838432384529
c920,red,183,6.3482099430000005,31.987811000000477,46,891.178243138578,1392.9881666140573,13.902380592961816,21.730615399179296
c920,green,183,6.3482099430000005,31.987811000000477,51,1093.9344632391314,1519.1412915102153,17.06537762653045,23.698604147559358
c920,red,184,6.384226709,36.01676599999948,48,980.797883382482,1262.6932116384235,15.30044698076672,19.698014101559405
c920,green,184,6.384226709,36.01676599999948,68,868.9920797245596,1078.3892652698848,13.55627644370313,16.822872538210206
c920,red,185,6.416252631000001,32.02592200000076,53,973.9687245744843,1316.4834056326881,15.193912103361955,20.537141127869933
c920,green,185,6.416252631000001,32.02592200000076,67,911.2122731329421,1201.5145404339878,14.214911460873896,18.743626830770207
c920,red,186,6.480321456,64.06882499999966,21,960.9299047060546,1118.557755210812,14.99050651341445,17.44950098128867
c920,green,186,6.480321456,64.06882499999966,44,904.4135113926346,1282.5638814466338,14.108850777725099,20.007996550567483
c920,red,187,6.516310797,35.98934099999962,45,918.4684193809292,1099.4361831689744,14.328107342342495,17.151204457436002
c920,green,187,6.516310797,35.98934099999962,58,826.189532821294,1314.7095205553533,12.888556712012186,20.509468520663514
c920,red,188,6.548227219,31.91642200000011,42,975.870105897352,1234.5219962868355,15.22357365199869,19.25854314207463
c920,green,188,6.548227219,31.91642200000011,62,1042.5187656001494,1450.1516895532116,16.26329274336233,22.6223663570301
c920,red,189,6.584340003,36.112784000000175,50,970.5159322271134,1201.3164346257117,15.140048542742967,18.740536380161103
c920,green,189,6.584340003,36.112784000000175,67,815.6599548131412,1209.1036901055672,12.724295295085001,18.86201756564685
c920,red,190,6.616313221,31.97321800000008,51,900.5777632007257,1307.5218033828287,14.049013105931321,20.39734013277213
c920,green,190,6.616313221,31.97321800000008,65,1076.1760969756926,1498.7582009849227,16.788347112820805,23.380627935364792
c920,red,191,6.648228681,31.915459999999563,50,1022.62013745217,1249.5725749097253,15.95287414425385,19.493332168591717
c920,green,191,6.648228681,31.915459999999563,64,1048.2156760937619,1412.5212426689106,16.352164547062685,22.035331385635004
c920,red,192,6.6803393060000005,32.1106250000005,53,1007.3975426645234,1324.8441541310824,15.715401665566564,20.667568804444887
c920,green,192,6.6803393060000005,32.1106250000005,69,1001.3932157151544,1452.3252643298838,15.621734165156408,22.656274123546186
c920,red,193,6.716803146,36.46383999999969,52,908.0987717589331,1106.4971700889616,14.166340839439357,17.2613558533878
c920,green,193,6.716803146,36.46383999999969,60,801.2717348126315,1239.964130042695,12.49983906307705,19.34344042866604
c920,red,194,6.749217863,32.41471699999998,59,811.3165399476873,1093.2546406884576,12.65653802318392,17.05477239473994
c920,green,194,6.749217863,32.41471699999998,60,1043.7023752937698,1420.6915369330313,16.28175705458281,22.162787976155286
c920,red,195,6.780278731,31.060867999999964,51,1158.0672011962117,1442.23450732238,18.065848338660903,22.49885831422913
c920,green,195,6.780278731,31.060867999999964,56,976.3416740233941,1506.5852621129393,15.230930114764949,23.50273008896185
c920,red,196,6.812767374000001,32.48864300000065,63,994.3660462756884,1221.920128666308,15.512110321900739,19.061954007194405
c920,green,196,6.812767374000001,32.48864300000065,55,778.2939137078635,1286.8624341714544,12.141385053842669,20.075053973074688
c920,red,197,6.8482708080000005,35.50343399999978,55,836.8041083828643,1035.2423699916942,13.054144090772683,16.149780971870427
c920,green,197,6.8482708080000005,35.50343399999978,54,859.0480560163192,1306.466939210374,13.40114967385458,20.380884251681834
c920,red,198,6.880718044,32.447235999999435,61,992.921655098862,1346.085438259896,15.489577819542246,20.998932836854376
c920,green,198,6.880718044,32.447235999999435,48,831.3503733704359,1347.4175061562314,12.9690658245788,21.01971309603721
c920,red,199,6.916261089000001,35.54304500000072,50,849.0318729769906,1078.350020699377,13.244897218441052,16.822260322910278
c920,green,199,6.916261089000001,35.54304500000072,45,789.895312519224,1219.3549067192944,12.322366875299894,19.02193654482099
c920,red,200,6.948241641,31.980551999999385,51,1077.907013390995,1320.3532128484208,16.81534940889952,20.59751012043536
c920,green,200,6.948241641,31.980551999999385,24,745.8948856218153,1463.4024854779257,11.635960215700319,22.829078773455638
c920,red,201,6.980589747000001,32.3481060000006,60,908.7628079581315,1146.2180078161189,14.17669980414685,17.881000921931452
c920,green,201,6.980589747000001,32.3481060000006,32,1073.2930953771431,1636.894443419671,16.74337228788343,25.535553317346867
c920,red,202,7.012317429,31.727681999999646,57,1041.8431912147032,1317.1414113218934,16.25275378294937,20.54740601662154
c920,green,202,7.012317429,31.727681999999646,38,1035.8455636448193,1426.848409777924,16.159190792859185,22.258835192535614
c920,red,203,7.048938287,36.620858000000034,47,862.3972403952312,1123.0227410256505,13.453396950165606,17.519154760000145
c920,green,203,7.048938287,36.620858000000034,26,1048.470353209594,1269.6378692829803,16.356137510069665,19.80635076081449
c920,red,204,7.080526580000001,31.588293000000434,51,1174.0845149131258,1364.755838618411,18.31571843264476,21.29019108244721
c920,green,204,7.080526580000001,31.588293000000434,44,953.0889997974258,1351.3286365376434,14.868188396839841,21.080726729987237
c920,red,205,7.112284854,31.75827399999953,55,989.1091693006109,1377.0842396072471,15.430103041089529,21.482514137873054
c920,green,205,7.112284854,31.75827399999953,32,1143.1210147125287,1586.5355927039486,17.832687829515447,24.7499552461816
c920,red,206,7.148257083000001,35.97222900000041,52,908.3625145559786,1128.9301621624345,14.170455227073264,17.611310529733977
c920,green,206,7.148257083000001,35.97222900000041,32,900.6846081142197,1197.8343815737655,14.050679886581827,18.68621635255074
c920,red,207,7.1803352270000005,32.07814399999975,50,989.7373742291622,1252.4920848903846,15.43990303797493,19.538876524289996
c920,green,207,7.1803352270000005,32.07814399999975,36,1097.9824018460304,1441.969583922693,17.128525468798074,22.49472550919401
c920,red,208,7.21230189,31.966662999999507,38,874.8329771683664,1356.2824673447485,13.647394443826517,21.158006490578078
c920,green,208,7.21230189,31.966662999999507,19,1035.9001195132398,1402.7632703768313,16.16004186440654,21.88310701787857
c920,red,209,7.248252601000001,35.9507110000008,61,739.6207060346824,1083.939678077313,11.538083014141044,16.909458978006082
c920,green,209,7.248252601000001,35.9507110000008,26,1139.83374495926,1317.7053779970768,17.78140642136446,20.556203896754397
c920,red,210,7.280300893000001,32.04829199999981,58,667.5334278358605,1004.2739311502476,10.413521474239424,15.666673325943862
c920,green,210,7.280300893000001,32.04829199999981,35,1159.311199145552,1327.2269767166006,18.08525470667061,20.70474083677897
c920,red,211,7.312276259000001,31.97536600000017,49,611.7988356430445,1033.4464279909735,9.544061836031494,16.121764276659185
c920,green,211,7.312276259000001,31.97536600000017,33,1293.485233490426,1673.7316454301592,20.178369642450644,26.110213668710482
c920,red,212,7.348410100000001,36.13384099999983,53,692.7150763744177,1075.7048924408248,10.806355191440915,16.780996322076863
c920,green,212,7.348410100000001,36.13384099999983,19,1167.4548722800419,1279.4666735896956,18.212296007568654,19.95968010799925
c920,red,213,7.380295077,31.884976999999814,52,946.0792257014223,1204.1984101726591,14.758835920942186,18.785495198693482
c920,green,213,7.380295077,31.884976999999814,27,1358.4275876811555,1852.3826631600687,21.191470367826025,28.89716954529707
c920,red,214,7.412284147,31.989069999999842,56,849.4970816883801,1382.4678657709717,13.25215447433873,21.566498706027158
c920,green,214,7.412284147,31.989069999999842,33,1042.8129499319964,1632.92137649149,16.267882018939144,25.473573473267244
c920,red,215,7.44825884,35.974693,66,878.4111406201562,1157.8274156837679,13.703213793674436,18.06210768466678
c920,green,215,7.44825884,35.974693,42,1035.9260052105606,1362.3959679971124,16.16044568128474,21.253377100754953
c920,red,216,7.480358872,32.10003199999978,63,1127.9716202928166,1490.371042273222,17.59635727656794,23.249788259462264
c920,green,216,7.480358872,32.10003199999978,35,961.0828319902433,1570.955618149287,14.992892179047795,24.506907643128873
c920,red,217,7.51228648,31.927608000000163,65,1241.3267088235903,1578.2121375310453,19.364696657648008,24.620109345484305
c920,green,217,7.51228648,31.927608000000163,30,896.7302818335604,1235.4779992186552,13.98899239660354,19.27345678781102
c920,red,218,7.544305939,32.019458999999806,69,1026.6917908391572,1470.0462808965663,16.01639193709085,22.932721981986433
c920,green,218,7.544305939,32.019458999999806,37,1196.5493019019636,1552.9542613557417,18.666169109670633,24.22608647714957
c920,red,219,7.580310779,36.00484000000037,71,1057.6612870305114,1420.1353955291852,16.499516077675977,22.15411217025529
c920,green,219,7.580310779,36.00484000000037,42,892.9305007416992,1137.1324375270383,13.929715811570507,17.739266025421795
c920,red,220,7.6123925340000005,32.0817550000001,66,1211.6143968279966,1680.430737682776,18.901184590516745,26.214719507851306
c920,green,220,7.6123925340000005,32.0817550000001,49,941.516616466692,1253.0996062785207,14.687659216880395,19.548353857944925
c920,red,221,7.644333252,31.940717999999535,73,1194.8046660823718,1493.2402390450352,18.638952790885,23.294547729102547
c920,green,221,7.644333252,31.940717999999535,41,1064.0440346847674,1325.5655881035052,16.599086941082373,20.67882317441468
c920,red,222,7.680345648,36.01239600000028,71,1075.6777645498164,1479.2750524958328,16.780573126977135,23.076690818934992
c920,green,222,7.680345648,36.01239600000028,45,760.1486485600468,1063.0314604081934,11.85831891753673,16.58329078236782
c920,red,223,7.7443201770000005,63.974529000000224,34,886.3395866916633,1371.6784394637298,13.826897552389944,21.39818365563418
c920,green,223,7.7443201770000005,63.974529000000224,21,829.5694845658649,1017.3119460657286,12.94128395922749,15.870066358625365
c920,red,224,7.78032574,36.005562999999796,62,1043.1905558480005,1421.4611761465278,16.273772671228805,22.174794347885832
c920,green,224,7.78032574,36.005562999999796,44,688.1539593990484,1048.5747357050918,10.735201766625154,16.357765876999434
c920,red,225,7.812308884,31.983143999999797,58,1070.3042137243622,1566.1082464396623,16.69674573410005,24.43128864445873
c920,green,225,7.812308884,31.983143999999797,32,905.2208155272854,1305.970280693171,14.121444722225652,20.373136378813467
c920,red,226,7.844444954,32.13606999999996,60,965.1824808927181,1409.4518903836235,15.0568467019264,21.987449489984527
c920,green,226,7.844444954,32.13606999999996,49,1047.2751007884776,1367.8036597172509,16.33749157230025,21.337737091589112
c920,red,227,7.880347702000001,35.902748000000706,63,906.1477242049893,1258.5549889260458,14.135904497597833,19.63345782724631
c920,green,227,7.880347702000001,35.902748000000706,51,904.9519953998296,1187.9829056321146,14.11725112823734,18.53253332786099
c920,red,228,7.912304994,31.957291999999526,53,1061.7413508532532,1386.07100623601,16.56316507331075,21.622707697281754
c920,green,228,7.912304994,31.957291999999526,46,805.4154373852232,1106.5236526844203,12.56448082320948,17.261768981876955
c920,red,229,7.944935360000001,32.630366000000244,44,910.4546528275839,1431.1831070989745,14.203092584110308,22.326456470744
c920,green,229,7.944935360000001,32.630366000000244,51,990.0830253965389,1300.3820975624192,15.445295196186006,20.285960721973737
c920,red,230,7.977400595000001,32.46523500000009,51,1201.7361847521495,1415.52345147701,18.74708448213353,22.082165843041356
c920,green,230,7.977400595000001,32.46523500000009,57,837.3826269034408,1103.6637783517358,13.063168979693677,17.21715494228708
c920,red,231,8.013784454,36.38385899999985,56,969.7372339875394,1280.696223909375,15.127900850205613,19.97886109298625
c920,green,231,8.013784454,36.38385899999985,58,703.3695790595258,1012.2426263144454,10.972565433328601,15.790984970505349
c920,red,232,8.044373007999999,30.58855399999949,48,1179.2201047709018,1480.197293945855,18.39583363442607,23.09107778555534
c920,green,232,8.044373007999999,30.58855399999949,58,760.0369914137705,1145.6104744467689,11.856577066054818,17.871523401369593
c920,red,233,8.076695781,32.32277300000064,53,988.021962624333,1281.1962248400077,15.413142616939595,19.98666110750412
c920,green,233,8.076695781,32.32277300000064,53,882.4495400093147,1151.7244468205333,13.766212824145308,17.96690137040032
c920,red,234,8.112347511,35.65172999999966,57,1111.6467129744678,1338.8955191405712,17.3416887224017,20.886770098592912
c920,green,234,8.112347511,35.65172999999966,60,696.271015439236,989.4916082982421,10.861827840852081,15.436069089452577
c920,red,235,8.144359729,32.0122180000002,52,1127.94014782976,1417.5999761224475,17.595866306144256,22.114559627510182
c920,green,235,8.144359729,32.0122180000002,58,807.7430280273725,1096.344412080184,12.60079123722701,17.10297282845087
c920,red,236,8.17635804,31.998311000000612,52,1194.8122867057218,1506.0355293949,18.63907167260926,23.494154258560442
c920,green,236,8.17635804,31.998311000000612,58,866.6745670656107,1167.3956586768181,13.520123246223527,18.21137227535836
c920,red,237,8.212399639,36.041598999998925,56,1059.805004208201,1291.0255665290142,16.532958065647932,20.139998837852623
c920,green,237,8.212399639,36.041598999998925,58,740.6276175252403,1011.5584011218937,11.553790833393748,15.78031105750154
c920,red,238,8.244377116999999,31.977477999999948,60,1097.3034852832952,1378.9349051466681,17.117934370419405,21.511384520288022
c920,green,238,8.244377116999999,31.977477999999948,55,937.7187426365242,1193.373034486163,14.628412385129778,18.616619337984144
c920,red,239,8.276344669,31.96755200000112,53,1235.0185491380605,1484.7165301471236,19.266289366553742,23.161577870295126
c920,green,239,8.276344669,31.96755200000112,49,817.9976695061175,1165.8057714822735,12.760763644295432,18.186570035123466
c920,red,240,8.312296953999999,35.952284999998696,39,938.2097377448554,1244.9078881156172,14.636071908819742,19.42056305460363
c920,green,240,8.312296953999999,35.952284999998696,54,804.2649522552022,991.1205949039506,12.546533255181153,15.46148128050163
c920,red,241,8.34465369,32.35673600000055,48,1117.0151163171538,1530.7649377643256,17.425435814547598,23.879933029123478
c920,green,241,8.34465369,32.35673600000055,59,935.9813523609677,1358.32844999438,14.601309096831095,21.189923819912327
c920,red,242,8.376348353,31.69466299999968,58,1083.2306118193928,1490.6223817801583,16.898397544382526,23.25370915577047
c920,green,242,8.376348353,31.69466299999968,57,887.2630813775462,1236.340973927073,13.84130406948972,19.28691919326234
c920,red,243,8.412329767,35.9814140000001,52,966.8100057120554,1365.9019689283548,15.082236089108063,21.308070715282334
c920,green,243,8.412329767,35.9814140000001,59,823.4552645138399,1165.0754567886268,12.845902126415902,18.17517712590258
c920,red,244,8.444318411,31.98864400000012,46,1061.8648435170257,1531.8548642604128,16.5650915588656,23.89693588246244
c920,green,244,8.444318411,31.98864400000012,65,1039.3558901002773,1307.72631690574,16.213951885564324,20.400530543729545
c920,red,245,8.476378795999999,32.060384999999414,46,873.5550010051611,1351.9163118868,13.627458015680512,21.089894465434078
c920,green,245,8.476378795999999,32.060384999999414,63,966.313648929812,1322.4792403267475,15.074492923305066,20.63067614909726
c920,red,246,8.508325626,31.94683000000076,47,859.6077725354598,1446.6810888404866,13.409881251553173,22.568224985911588
c920,green,246,8.508325626,31.94683000000076,58,1125.504654901303,1489.0219067330243,17.557872616460326,23.228741745035176
c920,red,247,8.544356466,36.03084000000045,42,831.0087750298492,1261.7374314191354,12.963736890465647,19.68310393013851
c920,green,247,8.544356466,36.03084000000045,65,938.9442527813397,1241.1255796018231,14.6475303433889,19.36155904178844
c920,red,248,8.576338036,31.981569999999238,56,862.5848901341378,1338.2469527746075,13.45632428609255,20.876652463283875
c920,green,248,8.576338036,31.981569999999238,71,1209.3370246478419,1646.6313868685984,18.865657584506334,25.68744963515013
c920,red,249,8.608331347,31.9933110000008,48,863.5346815559312,1233.71726200286,13.471141032272527,19.245989287244615
c920,green,249,8.608331347,31.9933110000008,65,1082.0014128270252,1525.911716592186,16.87922204010159,23.804222778838103
c920,red,250,8.645210575,36.8792280000001,57,756.8601300963295,1102.2208813839625,11.80701802950274,17.194645749589814
c920,green,250,8.645210575,36.8792280000001,64,1054.3407210455284,1323.2340446448134,16.44771524831024,20.642451096459087
c920,red,251,8.676333757,31.12318199999997,63,968.3382606508106,1303.6564487621104,15.106076866152645,20.33704060068892
c920,green,251,8.676333757,31.12318199999997,65,1024.1516034995852,1435.9801994697045,15.976765014593528,22.40129111172739
c920,red,252,8.708338401999999,32.00464499999889,50,728.4776337838891,1138.526789431368,11.36425108702867,17.761017915129337
c920,green,252,8.708338401999999,32.00464499999889,63,1199.2897779661967,1569.1295008744491,18.708920536272668,24.478420213641407
c920,red,253,8.744396500999999,36.0580989999999,46,857.3033769284605,1162.2432099980858,13.373932680083982,18.130994075970136
c920,green,253,8.744396500999999,36.0580989999999,61,798.9405656741438,1117.9949834505114,12.463472824516643,17.44072174182798
c920,red,254,8.777211013999999,32.814512999999934,55,863.2007047333224,1210.6676828115194,13.465930993839828,18.886415851859702
c920,green,254,8.777211013999999,32.814512999999934,59,1070.3554151926044,1548.2184499903606,16.697544477004627,24.15220781984962
c920,red,255,8.808353419,31.14240500000065,57,1038.384742351525,1308.945404985313,16.198801980683786,20.41954831777088
c920,green,255,8.808353419,31.14240500000065,63,1079.5322811405829,1517.8824479649202,16.840703585793094,23.67896618825275
c920,red,256,8.844737962,36.38454300000049,53,876.1910354138872,1227.4951088178,13.66858015245664,19.148923697557677
c920,green,256,8.844737962,36.38454300000049,56,995.4447665491539,1437.0440486626044,15.5289383581668,22.417887159136626
c920,red,257,8.876421088999999,31.68312699999909,49,1110.995026989585,1428.8881436312395,17.331522421037526,22.290655040647334
c920,green,257,8.876421088999999,31.68312699999909,57,869.5388209951095,1343.5630729686397,13.564805607523708,20.95958393831078
c920,red,258,8.90837627,31.95518100000072,54,985.705485399599,1173.506954055846,15.377005572233744,18.306708483271198
c920,green,258,8.90837627,31.95518100000072,48,999.8228010997999,1675.9863908977718,15.59723569715688,26.14538769800524
c920,red,259,8.944932943,36.55667299999976,63,776.3524853583642,1002.2852651986153,12.11109877159048,15.635650137098398
c920,green,259,8.944932943,36.55667299999976,50,716.3601474555501,1063.2481855475926,11.17521830030658,16.586671694542442
c920,red,260,8.976379550999999,31.446607999999543,60,895.0149902865071,1147.4443416168558,13.96223384846951,17.90013172922295
c920,green,260,8.976379550999999,31.446607999999543,56,935.9445342632499,1444.8287508314818,14.600734734506698,22.539328512971117
c920,red,261,9.008376787,31.997236000000484,61,948.2080158347862,1233.7891174381157,14.792045047022665,19.247110232034604
c920,green,261,9.008376787,31.997236000000484,54,850.1883778034156,1162.8113921526817,13.262938693733282,18.139857717581833
c920,red,262,9.040882875,32.50608799999988,62,938.6026675904034,1199.319486689979,14.64220161441029,18.70938399236367
c920,green,262,9.040882875,32.50608799999988,56,785.8162260461702,1338.7192465363742,12.258733126320255,20.884020245967438
c920,red,263,9.076418734999999,35.53585999999953,63,840.1025191129249,1073.6865379504131,13.105599298161628,16.749509992026447
c920,green,263,9.076418734999999,35.53585999999953,55,831.5838057135447,1218.538932545529,12.972707369131298,19.00920734771025
c920,red,264,9.108397768,31.97903300000071,65,1016.1159059966521,1277.495288551655,15.851408133547773,19.928926501405815
c920,green,264,9.108397768,31.97903300000071,46,1028.3029797528602,1489.2639913495404,16.04152648414462,23.23251826505283
c920,red,265,9.140440096999999,32.04232899999937,63,1007.2298966174606,1242.2613849623413,15.712786387232384,19.379277605412522
c920,green,265,9.140440096999999,32.04232899999937,42,1170.8517677978712,1430.1785566049339,18.26528757764679,22.31078548303697
c920,red,266,9.176448178,36.0080810000003,55,861.7332554889826,1080.7352711626659,13.44303878562813,16.859470230137585
c920,green,266,9.176448178,36.0080810000003,34,1148.5999360632954,1384.5701703843292,17.91815900258741,21.599294657995536
c920,red,267,9.208414488999999,31.966310999999692,61,947.3295783622033,1289.4368249222803,14.77834142245037,20.11521446878757
c920,green,267,9.208414488999999,31.966310999999692,40,1252.7803702150495,1504.9834140047392,19.54337377535477,23.477741258473927
c920,red,268,9.240719558999999,32.3050699999996,59,1029.6532437446688,1227.2347130459564,16.062590602416833,19.144861523516916
c920,green,268,9.240719558999999,32.3050699999996,30,1140.2461031535981,1430.6834637636493,17.78783920919613,22.31866203471293
c920,red,269,9.276371992,35.65243300000098,48,853.0497250334117,1170.153661945111,13.30757571052122,18.25439712634373
c920,green,269,9.276371992,35.65243300000098,13,989.5472126961621,1322.8686426006811,15.436936518060127,20.636750824570623
c920,red,270,9.308385562,32.01357000000016,53,857.5060587787351,1187.0019389320814,13.377094516948267,18.517230247340468
c920,green,270,9.308385562,32.01357000000016,29,1425.953006292515,1759.9888019835207,22.244866898163234,27.455825310942924
c920,red,271,9.340454577,32.06901499999937,65,795.5571804818709,1189.338941590868,12.410692015517185,18.55368748881754
c920,green,271,9.340454577,32.06901499999937,28,1116.132395725506,1514.3413499315648,17.411665373317895,23.62372505893241
c920,red,272,9.376347047,35.89247000000029,68,701.728293023286,1051.0848891638798,10.946961371163262,16.396924270956525
c920,green,272,9.376347047,35.89247000000029,41,1090.256990093318,1262.718359151128,17.00800904545576,19.698406402757595
c920,red,273,9.408400358,32.053311000000306,74,868.262070014036,1448.0066637279504,13.54488829221896,22.588903954156024
c920,green,273,9.408400358,32.053311000000306,25,1161.9980616341284,1629.8388919032034,18.1271697614924,25.42548671368997
c920,red,274,9.440662909,32.26255100000053,74,980.4276772648843,1280.0385161616452,15.294671765332195,19.968600852121668
c920,green,274,9.440662909,32.26255100000053,28,1119.5316539292926,1491.8601401661933,17.464693801296963,23.273018186592616
c920,red,275,9.472456941999999,31.794032999998834,67,1099.792296989695,1495.0995851205464,17.15675983303924,23.323553527880524
c920,green,275,9.472456941999999,31.794032999998834,34,908.7343534840192,1624.4266781565384,14.176255914350698,25.341056179241995
c920,red,276,9.508455857,35.99891500000041,67,983.6615843385422,1193.9283911459636,15.345120715681258,18.625282901877032
c920,green,276,9.508455857,35.99891500000041,44,945.919423233889,1335.2015017189042,14.756343002448668,20.829143426814905
c920,red,277,9.540453852999999,31.997995999999418,70,1129.008829473306,1383.10968087407,17.612537739783576,21.57651102163549
c920,green,277,9.540453852999999,31.997995999999418,40,1049.1410079824464,1606.0751885370141,16.36659972452616,25.05477294117742
c920,red,278,9.5724772,32.02334700000087,73,1222.3522871984603,1471.5905212949815,19.06869568029598,22.956812132201712
c920,green,278,9.5724772,32.02334700000087,43,989.2160615031393,1525.8417653236843,15.431770559448971,23.803131539049474
c920,red,279,9.608505411,36.028210999999644,77,1121.8202425071997,1390.45632088882,17.500395783112314,21.691118605865594
c920,green,279,9.608505411,36.028210999999644,45,755.2697766491538,1316.4665428102305,11.782208515726799,20.536878067839595
c920,red,280,9.640422315,31.916904000000912,73,1185.3659786087685,1509.501553415973,18.491709266296787,23.548224233289172
c920,green,280,9.640422315,31.916904000000912,43,937.3775043626,1309.1340884346419,14.62308906805656,20.42249177958041
c920,red,281,9.672595384,32.17306899999883,72,1172.460447370674,1486.2939864212508,18.290382978982514,23.18618618817151
c920,green,281,9.672595384,32.17306899999883,38,974.9973853147374,1209.355060437186,15.2099592109099,18.865938942820097
c920,red,282,9.708395559,35.80017500000032,75,987.1252809249386,1369.5210712234855,15.39915438242904,21.364528711086372
c920,green,282,9.708395559,35.80017500000032,46,858.3272286727005,1130.4535895897984,13.389904767294126,17.635075997600858
c920,red,283,9.772465513,64.0699540000007,29,1059.3983147831248,1357.8466587643359,16.526613710616747,21.182407876723637
c920,green,283,9.772465513,64.0699540000007,22,793.5910346502264,1158.7601244139166,12.38002014054353,18.0766579408571
c920,red,284,9.808466132,36.00061899999929,68,1035.1826892207573,1381.6244631912361,16.148849951843815,21.553341625783283
c920,green,284,9.808466132,36.00061899999929,42,750.039043747041,1052.1647502300245,11.700609082453838,16.41377010358838
c920,red,285,9.840415219999999,31.949087999999293,64,1056.7264000999903,1334.2914399446288,16.484931841559845,20.81494646313621
c920,green,285,9.840415219999999,31.949087999999293,41,937.625481386872,1289.8874055044391,14.626957509635202,20.122243525869248
c920,red,286,9.872414568,31.99934800000115,55,1307.2541237507126,1695.4000498203566,20.393164330511116,26.44824077719756
c920,green,286,9.872414568,31.99934800000115,44,641.956958288826,1060.787791858834,10.014528549305684,16.54828955299781
c920,red,287,9.908433389999999,36.01882199999906,60,910.4036880149671,1189.64923895201,14.202297533033487,18.558528127651353
c920,green,287,9.908433389999999,36.01882199999906,46,736.8659004191663,1019.0905466570068,11.495108046538993,15.897812527849304
c920,red,288,9.940432608,31.99921800000105,60,1129.3845262285358,1570.3986410314333,17.618398609165162,24.498218800090356
c920,green,288,9.940432608,31.99921800000105,57,841.5055223747721,1237.1634936706193,13.127486149046444,19.299750501261663
c920,red,289,9.972436604,32.00399600000026,51,855.1241037487827,1191.017542703196,13.339936018481009,18.57987366616986
c920,green,289,9.972436604,32.00399600000026,58,822.0085278149818,1138.0593645700935,12.823333033913716,17.753726087293458
c920,red,290,10.004536192,32.09958799999946,52,1188.7216747466482,1525.7725888646075,18.54405812604771,23.802052386287876
c920,green,290,10.004536192,32.09958799999946,50,683.2849844078827,1018.2520175171356,10.65924575676297,15.884731473267315
c920,red,291,10.040936403,36.40021100000013,61,888.2339530237825,1133.8650149754676,13.856449667171006,17.688294233617295
c920,green,291,10.040936403,36.40021100000013,43,675.9644024037324,938.2930147498249,10.545044677498225,14.637371030097269
c920,red,292,10.074548377,33.61197399999938,60,1093.6312679247717,1510.1615561836732,17.06064777962644,23.5585202764653
c920,green,292,10.074548377,33.61197399999938,52,787.8897939797032,1111.3367232236817,12.291080786083368,17.336852882289435
c920,red,293,10.104429414,29.881037000000887,59,1146.9058931113875,1580.889787491126,17.891731932537645,24.661880684861565
c920,green,293,10.104429414,29.881037000000887,57,786.8036755651376,1135.4609324244818,12.274137338816146,17.713190545821913
c920,red,294,10.140467790999999,36.03837699999879,62,1013.911329855747,1255.2257856102237,15.817016745749655,19.58152225551949
c920,green,294,10.140467790999999,36.03837699999879,61,639.2474483657805,965.7923907021835,9.972260194506177,15.066361294954062
c920,red,295,10.172480990999999,32.01319999999974,57,991.9948161190191,1339.5981219200698,15.475119131456697,20.89773070195309
c920,green,295,10.172480990999999,32.01319999999974,56,866.9322902714166,1118.6184066835442,13.524143728234097,17.45044714426329
c920,red,296,10.204512505,32.03151400000159,60,1018.5297144553685,1331.259168933573,15.889063545503749,20.767643035363736
c920,green,296,10.204512505,32.03151400000159,61,688.1058362196329,1045.3002329987364,10.734451045026272,16.30668363478029
c920,red,297,10.240415735,35.90322999999884,59,860.5801550344781,1113.0892184322756,13.42505041853786,17.3641918075435
c920,green,297,10.240415735,35.90322999999884,57,637.2662105998445,892.4707152988043,9.941352885357574,13.922543158661346
c920,red,298,10.27244762,32.031885000000315,64,850.9250987721496,1348.6887302887237,13.274431540845532,21.03954419250409
c920,green,298,10.27244762,32.031885000000315,54,764.851660191113,1046.1771990508923,11.93168589898136,16.32036430519392
c920,red,299,10.304491134,32.04351399999972,61,891.7274265123509,1272.9099549537675,13.910947853592674,19.85739529727877
c920,green,299,10.304491134,32.04351399999972,63,753.1236653304148,1028.060279085391,11.748729179154472,16.037740353732097
c920,red,300,10.340434141,35.94300700000019,44,867.8560675604566,1272.9771515289963,13.538554653943123,19.85844356385234
c920,green,300,10.340434141,35.94300700000019,60,601.9979755708744,961.8495149815111,9.39116841890564,15.004852433711571
c920,red,301,10.372425471,31.991330000000318,30,869.788634990869,1603.7664762114623,13.568702705857557,25.018757028898808
c920,green,301,10.372425471,31.991330000000318,69,594.4421054735392,868.0903059816222,9.273296845387211,13.542208773313305
c920,red,302,10.405281872,32.85640100000009,23,1176.8485609428567,1977.9810077427362,18.358837550708564,30.85650372078668
c920,green,302,10.405281872,32.85640100000009,67,625.8696435750562,900.9107214320255,9.763566439770877,14.054207254339598
c920,red,303,10.436406,31.124128000000084,32,1041.6703033827935,1978.026113587327,16.25005673277158,30.8572073719623
c920,green,303,10.436406,31.124128000000084,66,804.2626282715719,1216.0798381888915,12.54649700103652,18.970845475746707
c920,red,304,10.472417877,36.01187699999997,40,991.166097744921,1496.7428087075168,15.462191124820768,23.349187815837258
c920,green,304,10.472417877,36.01187699999997,63,719.2282418701176,1108.7009068236391,11.219960573173834,17.29573414644877
c920,red,305,10.505045445999999,32.62756899999886,47,1012.138445073683,1423.336000641392,15.789359743149454,22.204041610005714
c920,green,305,10.505045445999999,32.62756899999886,68,1024.5515278150974,1362.9949474605085,15.983003833915518,21.26272118038393
c920,red,306,10.536386962,31.341516000001235,44,838.6923091482848,1783.1543488708953,13.083600022713243,27.817207842385965
c920,green,306,10.536386962,31.341516000001235,56,1272.9777933515254,1659.8509315387332,19.858453576283793,25.893674532004233
c920,red,307,10.572416117,36.02915499999959,46,794.4643650046983,1457.576746718281,12.393644094073293,22.73819724880518
c920,green,307,10.572416117,36.02915499999959,62,1007.3957526466256,1380.757797385056,15.71537374128736,21.53982163920687
c920,red,308,10.604846205,32.43008799999991,43,757.8122530529752,1501.7909937875581,11.821871147626412,23.427939503085902
c920,green,308,10.604846205,32.43008799999991,44,855.5401831222814,1195.7097805903845,13.346426856707591,18.653072577209997
c920,red,309,10.636480424,31.63421900000074,38,910.1785389756357,1496.1446163705664,14.198785208019917,23.339856015380835
c920,green,309,10.636480424,31.63421900000074,64,1103.552979609712,1505.9443205629686,17.215426481911507,23.49273140078231
c920,red,310,10.668426272,31.945847999999444,42,813.3118717782628,1519.096518096696,12.687665199740898,23.697905682308456
c920,green,310,10.668426272,31.945847999999444,68,1115.5899645903623,1415.137948624881,17.403203447609652,22.07615199854814
c920,red,311,10.704427186,36.000914000000606,43,743.8009878964468,1375.453721656307,11.60329541118457,21.457078057838388
c920,green,311,10.704427186,36.000914000000606,67,904.698890321294,1357.769833187447,14.113302689012187,21.18120939772417
c920,red,312,10.736434108,32.006921999998994,48,831.8585536105547,1219.593234047737,12.976993436324655,19.025654451144696
c920,green,312,10.736434108,32.006921999998994,70,1020.3291419528548,1299.5074245489884,15.917134614464535,20.272315822964217
c920,red,313,10.768435622,32.00151400000095,51,790.2060794231213,1401.4460483996272,12.327214839000693,21.862558355034185
c920,green,313,10.768435622,32.00151400000095,69,1067.9637916310705,1563.9009704222403,16.6602351494447,24.39685513858695
c920,red,314,10.805253313,36.81769099999954,59,701.6572179544728,1307.3418049523111,10.945852600089776,20.394532157256055
c920,green,314,10.805253313,36.81769099999954,73,888.6606057041653,1143.493890902179,13.863105448984978,17.83850469807399
c920,red,315,10.836470403,31.21709000000017,48,865.4792020024156,1241.7531448790608,13.501475551237682,19.37134906011335
c920,green,315,10.836470403,31.21709000000017,61,1007.1473417273103,1443.9548313410485,15.71149853094604,22.525695368920356
c920,red,316,10.872528187999999,36.05778499999879,55,720.4222367297003,1159.5451074675652,11.238586892983324,18.088903676494013
c920,green,316,10.872528187999999,36.05778499999879,69,846.323320245743,1078.2540699830568,13.202643795833591,16.820763491735686
c920,red,317,10.904702497999999,32.17431000000026,58,966.7070636423705,1402.2611820858929,15.08063019282098,21.875274440539926
c920,green,317,10.904702497999999,32.17431000000026,67,738.7947727548067,1063.2322939242995,11.525198454974984,16.586423785219072
c920,red,318,10.936406309999999,31.703811999999942,70,346.06211706459544,541.9713891613441,5.398569026207689,8.454753670916967
c920,green,318,10.936406309999999,31.703811999999942,70,375.8039834088622,549.4891949840103,5.862542141178251,8.572031441750559
c920,red,319,10.968426417,32.02010700000102,72,955.7556624591035,1192.3807008509054,14.909788334362014,18.601138933274125
c920,green,319,10.968426417,32.02010700000102,68,452.2889609824831,704.4572295585388,7.055707791326736,10.989532781113203
c920,red,320,11.004899718999999,36.47330199999921,70,637.0557538740181,818.7631275887867,9.938069760434681,12.77270479038507
c920,green,320,11.004899718999999,36.47330199999921,53,475.4528918939,717.0917667849193,7.41706511354484,11.18663156184474
c920,red,321,11.036453419999999,31.55370099999999,70,475.82253918351495,628.4438170709203,7.422831611262833,9.803723546306356
c920,green,321,11.036453419999999,31.55370099999999,67,472.1164937199718,645.51862422114,7.36501730203156,10.070090537849785
c920,red,322,11.068495675,32.04225500000035,60,512.294114787,887.8493196154359,7.9917881906772,13.8504493860008
c920,green,322,11.068495675,32.04225500000035,43,717.2249586031837,1083.299981102718,11.188709354209665,16.8994797052024
c920,red,323,11.100541949,32.04627400000071,56,1047.4901287147009,1554.793029844084,16.34084600794933,24.25477126556771
c920,green,323,11.100541949,32.04627400000071,52,1466.3644010007856,1782.6009630472904,22.875284655612255,27.80857502353773
c920,red,324,11.136441807999999,35.89985899999881,61,962.4755425860953,1483.8506793789925,15.014618464343087,23.14807059831228
c920,green,324,11.136441807999999,35.89985899999881,24,1504.0215620030056,1920.6005527847126,23.462736367246883,29.961368623441516
c920,red,325,11.168462637,32.02082900000036,58,782.4621552954725,1437.1783272086136,12.206409622609371,22.419981904454367
c920,green,325,11.168462637,32.02082900000036,15,1986.2348915983418,2321.0776592154198,30.98526430893413,36.20881148376055
c920,red,326,11.200527818,32.06518100000011,60,699.8913817842932,1369.0931623740826,10.918305555834975,21.35785333303569
c920,green,326,11.200527818,32.06518100000011,2,2234.9410206268312,2298.6285821141523,34.865079921778566,35.858605880980775
c920,red,327,11.236454918,35.92710000000032,55,642.5929910735736,1319.9607651670053,10.024450660747746,20.591387936605283
c920,green,327,11.236454918,35.92710000000032,7,1984.866312403614,2245.5343960991518,30.963914473496377,35.03033657914676
c920,red,328,11.268481062,32.02614399999959,52,984.9675565558018,1528.2432294535556,15.365493882270508,23.84059437947547
c920,green,328,11.268481062,32.02614399999959,4,2363.6780726206935,2559.7531977856274,36.87337793288282,39.932149885455786
c920,red,329,11.300503743,32.02268100000083,52,804.0785109139414,1527.080665222933,12.543624770257484,23.822458377477755
c920,green,329,11.300503743,32.02268100000083,14,1361.0548413220222,2588.4898035876886,21.232455524623546,40.38044093596794
c920,red,330,11.336467306,35.963562999999255,58,807.7448385356189,1326.0181270039943,12.600819481155654,20.68588278126231
c920,green,330,11.336467306,35.963562999999255,6,1427.919218565165,2093.901401373724,22.275539809616575,32.6648618614301
c920,red,331,11.368478172,32.01086600000025,48,981.9197109615943,1760.5498687717861,15.31794749100087,27.464577952839864
c920,green,331,11.368478172,32.01086600000025,12,1175.139390082407,2672.292556834384,18.33217448528555,41.68776388661638
c920,red,332,11.400568464,32.090291999999465,48,657.0298153231411,1089.265821445709,10.249665119040998,16.992546814553062
c920,green,332,11.400568464,32.090291999999465,17,1555.0952631744096,2269.2062590607484,24.25948610552079,35.399617641347675
c920,red,333,11.46849906,67.93059600000007,14,849.759402051325,1123.5104308426467,13.25624667200067,17.52676272114529
c920,green,333,11.46849906,67.93059600000007,8,685.0218054318178,1136.4398429969644,10.686340164736357,17.728461550752645
c920,red,334,11.500541741,32.04268100000007,36,866.5371384247603,1364.4019261995238,13.51797935942626,21.28467004871257
c920,green,334,11.500541741,32.04268100000007,4,1152.5658975187948,2068.37572785884,17.9800280012932,32.2666613545979
c920,red,335,11.536494488999999,35.9527479999997,46,827.2088710676469,1323.228046510899,12.904458388655291,20.642357525570024
c920,green,335,11.536494488999999,35.9527479999997,13,1450.4489111162125,2179.879356716548,22.627003013412914,34.00611796477815
c920,red,336,11.569146169,32.65168000000074,57,688.0975641878617,1290.8313832933322,10.734322001330643,20.13696957937598
c920,green,336,11.569146169,32.65168000000074,24,1789.779765339963,2036.8928234966468,27.92056433930342,31.775528046547688
c920,red,337,11.601725089999999,32.57892099999893,53,565.3973751596502,1143.542313807743,8.820199052490542,17.839260095400792
c920,green,337,11.601725089999999,32.57892099999893,38,1447.042229212122,1801.816330202399,22.5738587757091,28.108334751157425
c920,red,338,11.66852204,66.79695000000052,27,565.6452872205299,1065.1961998472325,8.824066480640266,16.617060717616823
c920,green,338,11.66852204,66.79695000000052,0,,,,
c920,red,339,11.700525906,32.00386600000016,55,574.8908207035737,1058.1046933945074,8.968296802975749,16.506433216954317
c920,green,339,11.700525906,32.00386600000016,34,1791.4119558938482,2147.0229757930047,27.946026511944034,33.493558422370874
c920,red,340,11.732767660999999,32.24175499999937,54,611.3856089816795,993.5986513393503,9.5376155001142,15.500138960893864
c920,green,340,11.732767660999999,32.24175499999937,31,1632.6832987464331,1957.505184232827,25.469859460444354,30.537080874032103
c920,red,341,11.768544983,35.77732200000128,55,592.2514299615809,959.232209395277,9.239122307400661,14.96402246656632
c920,green,341,11.768544983,35.77732200000128,39,1416.681917790788,1789.9047613934958,22.10023791753629,27.922514277738532
c920,red,342,11.800609294,32.06431099999918,51,612.5424365195263,953.4254162174918,9.55566200970461,14.873436492992873
c920,green,342,11.800609294,32.06431099999918,38,1661.679768343832,2022.163353958018,25.922204386163777,31.545748321745076
c920,red,343,11.834313156999999,33.7038629999995,49,539.6180017729322,998.3025053414217,8.418040827657741,15.573519083326177
c920,green,343,11.834313156999999,33.7038629999995,21,1643.6318865310695,2228.3504877852483,25.640657429884683,34.76226760944987
c920,red,344,11.868543963999999,34.23080700000014,47,460.27321729828384,898.0107823882333,7.180262189853227,14.008968205256439
c920,green,344,11.868543963999999,34.23080700000014,12,1782.9360346051126,2402.873987934913,27.81380213983975,37.484834211784644
c920,red,345,11.900523645,31.979681000001037,49,468.8471941215062,905.6397458315512,7.314016228295497,14.127980034972198
c920,green,345,11.900523645,31.979681000001037,6,1917.8101034668207,2589.699293869879,29.9178376140824,40.399308984370116
c920,red,346,11.932608622,32.08497700000024,46,616.9265167039331,1123.1935240863481,9.624053660581357,17.521818975747028
c920,green,346,11.932608622,32.08497700000024,14,1969.6158973069403,2600.9220155399894,30.726007997988265,40.57438344242383
c920,red,347,12.032665935999999,100.05731399999895,27,478.4533705795462,668.069495037569,7.46387258104092,10.421884122586077
c920,green,347,12.032665935999999,100.05731399999895,7,307.6715108307876,485.5318831031461,4.799675568960287,7.574297376409079
c920,red,348,12.068467054,35.80111800000019,60,341.52850069792487,486.6583747279311,5.327844610887628,7.591870645755725
c920,green,348,12.068467054,35.80111800000019,46,787.1941753490004,1045.0596083194437,12.280229135444404,16.30292988978332
c920,red,349,12.100505846999999,32.0387929999999,49,574.577682360596,779.5376135578157,8.963411844825297,12.160786771501925
c920,green,349,12.100505846999999,32.0387929999999,16,1015.105322923345,1610.9169078291307,15.835643037604184,25.130303762134435
c920,red,350,12.132848601,32.342754000000085,50,817.409290157685,1111.38333671184,12.751584926459884,17.337580052704705
c920,green,350,12.132848601,32.342754000000085,4,2105.03420938384,2203.9267399583728,32.838533666387896,34.381257143350616
c920,red,351,12.168482552999999,35.633951999999525,58,769.0369070949414,1188.8305780335654,11.996975750681084,18.54575701732362
c920,green,351,12.168482552999999,35.633951999999525,5,2495.8314350510277,2863.2710265553383,38.93497038679603,44.66702801426327
c920,red,352,12.20051292,32.03036700000084,66,377.29587218163715,793.1259712889704,5.885815606033539,12.372765152107938
c920,green,352,12.20051292,32.03036700000084,8,2721.5914860016173,2898.8854262207174,42.45682718162523,45.22261264904319
c920,red,353,12.233943061,33.43014100000019,60,428.7117386968827,607.019789517473,6.68790312367137,9.469508716472577
c920,green,353,12.233943061,33.43014100000019,20,2163.6400431737147,2482.2366884853413,33.75278467350995,38.722892340371324
c920,red,354,12.264542540999999,30.599479999999346,62,359.0542790496303,646.2191585641509,5.601246753174232,10.081018873600755
c920,green,354,12.264542540999999,30.599479999999346,27,2004.3594267050114,2486.401704821134,31.268007056598176,38.78786659520969
c920,red,355,12.30052566,35.98311900000084,67,369.19370015021417,536.813717927504,5.75942172234334,8.374293999669062
c920,green,355,12.30052566,35.98311900000084,36,1540.6926575135415,2026.4779384237129,24.034805457211245,31.61305583940992
c920,red,356,12.332564377999999,32.03871799999902,67,248.9762438631318,408.47601222882656,3.8840294042648558,6.372225790769694
c920,green,356,12.332564377999999,32.03871799999902,56,1392.5645507573508,1900.8663940975957,21.724006991814672,29.65351574792249
c920,red,357,12.364603355,32.03897700000091,70,231.30257212380312,294.1411382446812,3.6083201251313284,4.5886017566170265
c920,green,357,12.364603355,32.03897700000091,55,1061.9790993322702,1408.0428671129077,16.566873949583414,21.96546872696136
c920,red,358,12.400521806999999,35.91845199999888,68,278.6325070381494,389.14412964919154,4.34666710979513,6.070648422527388
c920,green,358,12.400521806999999,35.91845199999888,57,910.2181508893618,1156.1854923422648,14.199403153874044,18.036493680539326
c920,red,359,12.432584247,32.06244000000069,71,357.047708000915,490.03223013877886,5.569944244814274,7.64450279016495
c920,green,359,12.432584247,32.06244000000069,32,1641.6977856792687,2113.1307586516564,25.610485456596592,32.96483983496584
c920,red,360,12.464539428,31.95518100000072,70,512.4962665287878,643.188170926882,7.994941757849089,10.033735466459358
c920,green,360,12.464539428,31.95518100000072,16,2005.9644395022872,2710.143349348938,31.29304525623568,42.27823624984343
c920,red,361,12.496536443,31.997014999999962,68,363.32923723974716,451.0032808894832,5.6679361009400555,7.035651181875938
c920,green,361,12.496536443,31.997014999999962,40,1524.5309117302018,2135.2534487425623,23.78268222299115,33.30995380038397
c920,red,362,12.53284382,36.307376999999974,69,191.33477231467194,307.0014878134913,2.9848224481088823,4.789223209890463
c920,green,362,12.53284382,36.307376999999974,57,934.5816983623918,1261.099451871592,14.579474494453311,19.673151449196833
c920,red,363,12.564583224,31.739403999999638,68,208.73090894574054,290.05157857924706,3.2562021795535525,4.524804625836254
c920,green,363,12.564583224,31.739403999999638,52,1170.4763541216762,1541.6041081639353,18.259431124298146,24.049024087357388
c920,red,364,12.596549646,31.966421999999994,75,257.22610067493247,369.0622145697992,4.0127271705289465,5.757370547288868
c920,green,364,12.596549646,31.966421999999994,57,1377.5861695810381,1785.3696555927684,21.490344245464193,27.851766627247184
c920,red,365,12.632794281999999,36.244635999999275,74,233.25022856250646,292.61818142355594,3.6387035655751006,4.564843630207473
c920,green,365,12.632794281999999,36.244635999999275,52,1145.6219213949564,1564.2161267060148,17.87170197376132,24.401771576613832
c920,red,366,12.664547536999999,31.753254999999925,77,156.89149090596592,277.5262075983084,2.447507258133068,4.329408838533611
c920,green,366,12.664547536999999,31.753254999999925,57,1123.295523260689,1560.090004124247,17.523410162866746,24.33740406433825
c920,red,367,12.696551977999999,32.00444099999977,77,183.27617614564033,276.8059460578207,2.859108347871989,4.318172758502002
c920,green,367,12.696551977999999,32.00444099999977,49,1287.3699663679258,1727.422063673093,20.08297147533964,26.947784193300247
c920,red,368,12.733513446,36.96146800000122,70,261.23690226964743,320.5614966541756,4.075295675406499,5.000759347805139
c920,green,368,12.733513446,36.96146800000122,51,1224.3780262396224,1616.1783865303044,19.10029720933811,25.212382829872745
c920,red,369,12.764547833,31.034387000000052,64,329.7313930557266,397.12400728639716,5.143809731669334,6.195134513667796
c920,green,369,12.764547833,31.034387000000052,51,1332.8384247602512,1846.453760038954,20.792279426259917,28.80467865660768
c920,red,370,12.796578606999999,32.030773999998985,66,237.3171187717718,402.47040251970736,3.7021470528396394,6.278538279307435
c920,green,370,12.796578606999999,32.030773999998985,58,952.4364360666419,1289.7020888338338,14.858008402639612,20.119352585807807
c920,red,371,12.832677447,36.098840000001076,64,154.20061622674086,385.4335357008359,2.4055296131371575,6.0127631569330395
c920,green,371,12.832677447,36.098840000001076,57,580.1033172652429,809.2932280614934,9.049611749337789,12.624974357759296
c920,red,372,12.864555553999999,31.878106999998934,62,347.2138761303843,425.9159270097099,5.416536467633994,6.644288461351474
c920,green,372,12.864555553999999,31.878106999998934,61,689.9221628756816,1020.5475531251446,10.762785740860632,15.920541828752256
c920,red,373,12.896561143,32.00558900000061,60,441.92873628045805,524.7561042287635,6.894088285975146,8.18619522596871
c920,green,373,12.896561143,32.00558900000061,66,691.412186399933,1062.723551041332,10.786030107838956,16.57848739624478
c920,red,374,12.928603619999999,32.04247699999918,57,348.43081278253686,466.08894562203574,5.435520679407575,7.270987551703757
c920,green,374,12.928603619999999,32.04247699999918,71,500.98061185599994,831.3143795733688,7.815297544953599,12.968504321344554
c920,red,375,12.964533423999999,35.92980400000023,64,181.37233629429323,314.09423941102847,2.8294084461909748,4.899870134812043
c920,green,375,12.964533423999999,35.92980400000023,74,303.4113364941717,643.5122747110229,4.733216849309078,10.038791485491956
c920,red,376,12.996537882,32.00445800000118,71,277.24213617352615,464.0034246192253,4.3249773243070075,7.238453424059914
c920,green,376,12.996537882,32.00445800000118,69,474.19592523566473,951.8405310176985,7.3974564336763695,14.848712283876095
c920,red,377,13.028546452999999,32.00857099999865,67,397.2955626383023,463.64018283201835,6.197810777157515,7.232786852179486
c920,green,377,13.028546452999999,32.00857099999865,66,630.8578085531385,1148.8999986962665,9.84138181342896,17.922839979661756
c920,red,378,13.064541367,35.99491400000154,64,343.0225011654399,439.20454016036996,5.351151018180863,6.851590826501771
c920,green,378,13.064541367,35.99491400000154,64,629.2278335615356,1055.725692919606,9.815954203559954,16.469320809545852
c920,red,379,13.096542882,32.00151499999926,62,378.6151775287432,589.6448781058676,5.906396769448392,9.198460098451534
c920,green,379,13.096542882,32.00151499999926,64,555.6759191378942,967.2455842590675,8.66854433855115,15.089031114441454
c920,red,380,13.128556303,32.013421000000264,67,515.1524308344352,656.137881188315,8.03637792101719,10.235750946537713
c920,green,380,13.128556303,32.013421000000264,65,534.5383595050446,868.8697707826308,8.338798408278695,13.55436842420904
c920,red,381,13.164769477,36.21317400000024,67,398.1052843531766,513.3702697946155,6.210442435909555,8.008576208796002
c920,green,381,13.164769477,36.21317400000024,71,408.8233329585217,665.2845670670877,6.377643994152938,10.378439246246568
c920,red,382,13.233874217999999,69.10474099999853,61,162.5228584411337,337.581736356971,2.5353565916816856,5.266275087168748
c920,green,382,13.233874217999999,69.10474099999853,67,231.9390341466632,428.13198753548363,3.618248932687946,6.678859005553544
c920,red,383,13.264546606,30.67238800000105,65,424.5706861401645,654.5425018214685,6.623302703786567,10.210863028414908
c920,green,383,13.264546606,30.67238800000105,51,483.73872761007675,969.6661655877904,7.546324150717197,15.126792183169531
c920,red,384,13.296554898,32.00829200000044,68,668.1001455420931,782.9142877226684,10.42236227045665,12.213462888473627
c920,green,384,13.296554898,32.00829200000044,55,1031.8066359934842,1610.28182049422,16.096183521498354,25.120396399709833
c920,red,385,13.328559023999999,32.00412599999858,69,528.1304590221423,639.2656200282139,8.23883516074542,9.972543672440137
c920,green,385,13.328559023999999,32.00412599999858,58,903.4800888655984,1395.7770671551564,14.094289386303334,21.77412224762044
c920,red,386,13.364593012,36.03398800000157,75,255.28400599237548,473.8547851537465,3.9824304934810573,7.392134648398445
c920,green,386,13.364593012,36.03398800000157,65,326.8314383407038,660.1568397583122,5.0985704381149795,10.29844670022967
c920,red,387,13.396598618999999,32.00560699999855,72,332.9288322760917,516.1620816637659,5.193689783507031,8.052128473954747
c920,green,387,13.396598618999999,32.00560699999855,74,307.47649751294773,605.8588227322293,4.796633361201986,9.451397634622777
c920,red,388,13.428580375,31.981756000000416,71,512.475227290605,629.1466303607862,7.994613545733436,9.814687433628263
c920,green,388,13.428580375,31.981756000000416,67,458.0629109545503,797.000871137493,7.145781410890985,12.43321358974489
c920,red,389,13.464607251999999,36.0268769999994,55,651.606465785081,878.2099085051987,10.165060866247263,13.7000745726811
c920,green,389,13.464607251999999,36.0268769999994,66,302.44474539709563,543.7630536496447,4.718138028194692,8.482703636934456
c920,red,390,13.496558489,31.951237000001242,56,796.7402892657583,1047.6140437099702,12.429148512545828,16.342779081875534
c920,green,390,13.496558489,31.951237000001242,59,224.65341666141543,419.5034397581036,3.5045932999180804,6.544253660226415
c920,red,391,13.528554762999999,31.996273999999048,61,993.0459721985095,1107.9324858618693,15.491517166296747,17.28374677944516
c920,green,391,13.528554762999999,31.996273999999048,52,362.1333167768571,696.2975266544346,5.649279741718971,10.86224141580918
c920,red,392,13.564663120999999,36.108357999999896,61,1126.9994339690038,1241.7486002618448,17.58119116991646,19.371278164084778
c920,green,392,13.564663120999999,36.108357999999896,62,416.6516619368548,729.6025814723181,6.499765926214934,11.381800270968162
c920,red,393,13.596571229,31.908108000001434,59,1236.0598591495568,1357.8064611478524,19.282533802733084,21.181780793906498
c920,green,393,13.596571229,31.908108000001434,71,460.88941720139206,754.3568880020816,7.189874908341716,11.767967452832472
c920,red,394,13.628583391,32.01216199999912,59,728.4726841702641,840.0325119171969,11.364173873056119,13.104507185908272
c920,green,394,13.628583391,32.01216199999912,69,322.9583050614015,515.6880785366252,5.038149558957864,8.044734025171353
c920,red,395,13.660603627999999,32.02023699999934,61,686.3369668297636,786.8446538113973,10.706856682544311,12.274776599457796
c920,green,395,13.660603627999999,32.02023699999934,72,316.91467837027267,570.9213656750433,4.943868982576253,8.906373304530675
c920,red,396,13.696567671999999,35.96404399999997,58,831.3384870400903,936.1533390739867,12.968880397825409,14.603992089554191
c920,green,396,13.696567671999999,35.96404399999997,58,288.9537205661023,511.38716338855636,4.507678040831195,7.9776397488614785
c920,red,397,13.728610501,32.04282900000166,60,1116.3286633759008,1190.0202434116115,17.414727148664053,18.56431579722114
c920,green,397,13.728610501,32.04282900000166,63,347.84037444448194,597.7117684848171,5.426309841333918,9.324303588363145
c920,red,398,13.760842182,32.23168099999896,60,1065.9874196448818,1219.7367725111571,16.629403746460156,19.02789365117405
c920,green,398,13.760842182,32.23168099999896,51,387.2511937968023,749.8998344686962,6.0411186232301155,11.698437417711661
c920,red,399,13.796595838,35.75365600000069,58,847.7089931291941,960.4307305155626,13.224260292815426,14.982719396042775
c920,green,399,13.796595838,35.75365600000069,68,393.6920792489527,752.5990078242486,6.1415964362836615,11.74054452205828
c920,red,400,13.860638180999999,64.04234299999878,18,1172.8386873900995,1320.3179287435216,18.296283523285553,20.596959688398936
c920,green,400,13.860638180999999,64.04234299999878,58,456.9130570800308,733.1988220177145,7.12784369044848,11.437901623476346
c920,red,401,13.896613077,35.97489600000081,55,946.1714647118191,1090.246912055169,14.760274849504377,17.007851828060634
c920,green,401,13.896613077,35.97489600000081,63,393.5324414498551,707.6287252678916,6.13910608661774,11.039008114179108
c920,red,402,13.928615276999999,32.00219999999909,69,801.012069041622,910.8462095807498,12.495788277049302,14.209200869459696
c920,green,402,13.928615276999999,32.00219999999909,65,577.1780238500164,914.7716857627811,9.003977172060255,14.270438297899384
c920,red,403,13.960672606,32.05732900000058,68,839.1640446057103,955.2012852155666,13.09095909584908,14.901140049362839
c920,green,403,13.960672606,32.05732900000058,65,524.0991154819477,881.8768935282365,8.175946201518384,13.757279539040487
c920,red,404,13.993473156,32.80055000000104,64,1098.7182286240918,1239.762724810194,17.14000436653583,19.340298507039027
c920,green,404,13.993473156,32.80055000000104,68,454.44322463904496,768.399731519123,7.0893143043691005,11.987035811698318
c920,red,405,14.028687201999999,35.21404599999833,61,1113.2871549752253,1278.395478248369,17.367279617613516,19.942969460674558
c920,green,405,14.028687201999999,35.21404599999833,69,473.64930532878464,752.9147239772184,7.38892916312904,11.745469694044608
c920,red,406,14.060626512999999,31.93931100000036,62,1004.2872882662364,1148.8844082491935,15.666881696953286,17.92259676868742
c920,green,406,14.060626512999999,31.93931100000036,68,669.1924445941728,1029.8026436548687,10.439402135669095,16.064921241015952
c920,red,407,14.092727342,32.100829000000886,64,968.7760020453277,1114.1766549336342,15.112905631907111,17.381155816964693
c920,green,407,14.092727342,32.100829000000886,60,741.7814359020324,1070.694081893311,11.571790400071706,16.70282767753565
c920,red,408,14.128595312,35.86796999999997,63,1042.6508890855687,1181.838557322693,16.26535386973487,18.436681494234012
c920,green,408,14.128595312,35.86796999999997,55,556.713482055979,857.8573151657404,8.684730320073271,13.382574116585548
c920,red,409,14.16070629,32.1109780000004,46,1317.8512677687152,1442.3429368303532,20.558479777191955,22.50054981455351
c920,green,409,14.16070629,32.1109780000004,49,731.9142710146067,1032.9198436831784,11.417862627827864,16.11354956145758
c920,red,410,14.193122118,32.415827999999536,54,1141.8141397835138,1322.2478332848777,17.812300580622818,20.62706619924409
c920,green,410,14.193122118,32.415827999999536,47,764.3167584420296,1040.3280331289147,11.923341431695661,16.229117316811067
c920,red,411,14.228599662999999,35.47754499999911,62,788.8738419314211,1001.9249150624778,12.306431934130167,15.630028674974653
c920,green,411,14.228599662999999,35.47754499999911,51,595.7711445636611,947.5975487800628,9.294029855193113,14.78252176096898
c920,red,412,14.260633807,32.03414400000071,62,769.8781993981528,937.3755347927738,12.010099910611181,14.623058342767271
c920,green,412,14.260633807,32.03414400000071,55,640.2533546380737,888.1151939099784,9.987952332353949,13.854597024995662
c920,red,413,14.293966097,33.3322900000006,56,529.2710096615665,803.7659895721982,8.256627750720437,12.538749437326292
c920,green,413,14.293966097,33.3322900000006,33,586.3066186117214,1169.4457106383704,9.146383250342854,18.243353085958574
c920,red,414,14.328588865999999,34.6227689999985,70,490.39477269826386,729.6379334993655,7.6501584540929155,11.382351762590101
c920,green,414,14.328588865999999,34.6227689999985,35,669.2913350189003,899.9479399583909,10.440944826294844,14.039187863350897
c920,red,415,14.360639695,32.050829000001,65,428.9960169543679,705.6245340716912,6.692337864488139,11.007742731518382
c920,green,415,14.360639695,32.050829000001,45,1002.0088361323758,1198.380237435266,15.631337843665062,18.69473170399015
c920,red,416,14.393842652,33.20295700000031,67,349.54997831832463,555.3950054046275,5.452979661765864,8.664162084312187
c920,green,416,14.393842652,33.20295700000031,39,827.1641412890165,1072.1907861143038,12.903760604108657,16.72617626338314
c920,red,417,14.428576717,34.734065000000314,65,379.42211477101847,569.3942436246399,5.918984990427888,8.882550200544381
c920,green,417,14.428576717,34.734065000000314,48,876.6450695205812,1066.9593401487077,13.675663084521066,16.64456570631984
c920,red,418,14.460598490999999,32.021773999998615,41,453.3037684906747,970.3677074612152,7.071538788454525,15.137736236394957
c920,green,418,14.460598490999999,32.021773999998615,42,941.9769923559479,1079.7942065351033,14.694841080752786,16.844789621947612
c920,red,419,14.493282558999999,32.68406800000001,42,1029.8775167879003,1691.3885343208206,16.066089261891243,26.3856611354048
c920,green,419,14.493282558999999,32.68406800000001,56,707.6725593764231,890.9265856092323,11.039691926272202,13.898454735504025
c920,red,420,14.524783315999999,31.50075699999988,50,1287.1441325357914,1917.6301226627309,20.079448467558343,29.9150299135386
c920,green,420,14.524783315999999,31.50075699999988,57,761.0514397858849,891.1654620226269,11.872402460659805,13.90218120755298
c920,red,421,14.560613433999999,35.8301179999998,56,960.5071640001718,1533.9894955382597,14.98391175840268,23.93023613039685
c920,green,421,14.560613433999999,35.8301179999998,57,583.8931395501812,845.8813063555921,9.108732976982827,13.195748379147236
c920,red,422,14.592703262999999,32.089829000000236,55,868.2499405102618,1199.932118279307,13.544699071960084,18.718941045157184
c920,green,422,14.592703262999999,32.089829000000236,54,649.0415192168879,1024.2665394040164,10.125047699783451,15.978558014702655
c920,red,423,14.660652155,67.94889200000043,48,535.9908178786994,775.5390986020526,8.36145675890771,12.098409938192018
c920,green,423,14.660652155,67.94889200000043,34,510.28040584452,794.5966999756387,7.960374331174512,12.395708519619962
c920,red,424,14.692730336,32.07818100000104,63,414.9821142489851,742.3522733562945,6.473720982284167,11.580695464358195
c920,green,424,14.692730336,32.07818100000104,48,598.1194870401052,1036.0432155767178,9.33066399782564,16.162274162996795
c920,red,425,14.725935238,33.20490199999959,68,369.7864565694472,665.4174686389267,5.768668722483376,10.380512510767256
c920,green,425,14.725935238,33.20490199999959,44,525.6698381460892,896.4585722298438,8.20044947507899,13.984753726785563
c920,red,426,14.76141556,35.48032199999973,68,352.41196923938446,652.3921980642434,5.497626720134397,10.177318289802196
c920,green,426,14.76141556,35.48032199999973,52,504.0412016717609,627.440444970425,7.86304274607947,9.78807094153863
c920,red,427,14.79270915,31.29359000000065,66,544.4850460938026,763.8556215194117,8.49396671906332,11.916147695702822
c920,green,427,14.79270915,31.29359000000065,53,614.5120376155832,1003.9748038517848,9.586387786803098,15.662006940087844
c920,red,428,14.824727812999999,32.01866299999878,74,336.9654977418172,726.8437533833916,5.256661764772348,11.338762552780908
c920,green,428,14.824727812999999,32.01866299999878,69,515.5599617681788,764.5252047372214,8.04273540358359,11.926593193900654
c920,red,429,14.860657801999999,35.92998899999955,69,344.0268999460525,626.5642767335011,5.366819639158418,9.774402717042616
c920,green,429,14.860657801999999,35.92998899999955,58,416.14774908538107,627.7588554532332,6.491904885731945,9.793038145070437
c920,red,430,14.892803445,32.145643000001556,70,483.80404516796494,795.6178520057798,7.5473431046202535,12.411638491290164
c920,green,430,14.892803445,32.145643000001556,62,557.9608984224849,794.183154907354,8.704190015390765,12.389257216554721
c920,red,431,14.924680701,31.877255999999576,71,542.0153831471466,839.5965164991323,8.455439977095487,13.097705657386467
c920,green,431,14.924680701,31.877255999999576,62,634.8572641576636,959.6801099798603,9.903773320859553,14.97100971568582
c920,red,432,14.956642808,31.962107000000017,68,747.1707512633922,1053.1170909134307,11.655863719708918,16.42862661824952
c920,green,432,14.956642808,31.962107000000017,56,619.8539687393223,987.517450736256,9.669721912333427,15.405272231485593
c920,red,433,14.992781593,36.13878500000034,69,809.7056146963628,1132.4219231541679,12.631407589263258,17.665782001205017
c920,green,433,14.992781593,36.13878500000034,45,658.1920401630489,1026.9770551080758,10.267795826543562,16.020842059685982
c920,red,434,15.024640756,31.859163000000024,71,935.1503433784555,1299.8116847626943,14.588345356703906,20.277062282298033
c920,green,434,15.024640756,31.859163000000024,49,772.8987461124822,1132.6337342635782,12.05722043935472,17.669086254511818
c920,red,435,15.056630843999999,31.990087999998806,59,855.9894344503034,1130.3925300407773,13.353435177424732,17.634123468636126
c920,green,435,15.056630843999999,31.990087999998806,46,913.1166981828276,1261.0138264880309,14.24462049165211,19.671815693213283
c920,red,436,15.093875312,37.24446800000081,64,887.567414106049,1158.798091128688,13.846051660054364,18.07725022160753
c920,green,436,15.093875312,37.24446800000081,35,736.9452157524142,1076.7718736426796,11.496345365737662,16.7976412288258
c920,red,437,15.124645884,30.770571999999774,68,828.0613752672878,1096.7613562000026,12.917757454169688,17.10947715672004
c920,green,437,15.124645884,30.770571999999774,45,938.9246522259384,1310.4388744328492,14.647224574724639,20.442846441152447
c920,red,438,15.156671195,32.025310999999945,69,959.384765868062,1348.5696231344134,14.966402347541766,21.03768612089685
c920,green,438,15.156671195,32.025310999999945,49,725.8683767772957,1086.0905413131968,11.323546677725812,16.94301244448587
c920,red,439,15.192699869,36.02867400000065,68,814.584973235759,1067.243655378057,12.70752558247784,16.649001023897686
c920,green,439,15.192699869,36.02867400000065,61,730.7274167478962,976.76591699922,11.39934770126718,15.237548305187833
c920,red,440,15.226019361999999,33.3194929999987,69,941.9594081312019,1214.9551467966642,14.69456676684675,18.953300290027958
c920,green,440,15.226019361999999,33.3194929999987,53,836.1824096830346,1088.4198949082188,13.04444559105534,16.979350360568215
c920,red,441,15.256718046,30.698684000000753,59,914.1111230633959,1279.2036222462928,14.260133519788976,19.955576507042167
c920,green,441,15.256718046,30.698684000000753,51,1074.9586274106491,1337.8953427480983,16.769354587606127,20.87116734687033
c920,red,442,15.292791163999999,36.07311799999913,38,671.621603306354,889.3700640133455,10.477297011579122,13.87417299860819
c920,green,442,15.292791163999999,36.07311799999913,45,923.8339842674487,1072.9530186533207,14.4118101545722,16.738067090991798
c920,red,443,15.324621752999999,31.83058900000013,53,1173.2423162457214,1613.26709691246,18.302580133433253,25.166966711834373
c920,green,443,15.324621752999999,31.83058900000013,35,808.550641752702,1180.486932824998,12.61339001134215,18.415596152069966
c920,red,444,15.356660619,32.03886600000061,63,957.3910372226173,1258.7233386481166,14.93530018067283,19.63608408291062
c920,green,444,15.356660619,32.03886600000061,46,1039.3444172642262,1239.9010242398201,16.213772909321932,19.342455978141196
c920,red,445,15.388698967,32.03834800000038,52,1218.4622695728438,1597.377707979049,19.00801140533636,24.919092244473166
c920,green,445,15.388698967,32.03834800000038,44,829.9910967215342,1176.6416445714442,12.947861108855932,18.35560965531453
c920,red,446,15.42532651,36.62754299999982,58,1021.2362761617464,1327.4333490982158,15.931285908123245,20.707960245932163
c920,green,446,15.42532651,36.62754299999982,57,910.4431604349404,1124.1817136894447,14.20291330278507,17.537234733555334
c920,red,447,15.456641563,31.315053000000148,65,1046.8544424396885,1261.9802628913028,16.33092930205914,19.686892101104323
c920,green,447,15.456641563,31.315053000000148,52,998.9142604748113,1323.4676363872786,15.583062463407055,20.646095127641548
c920,red,448,15.488655502999999,32.0139399999988,58,1112.3094001990419,1279.2284696395245,17.352026643105052,19.955964126376582
c920,green,448,15.488655502999999,32.0139399999988,51,971.9598091856857,1170.3218012931538,15.162573023296696,18.2570201001732
c920,red,449,15.52485225,36.19674700000175,59,872.8457939937167,1008.0099759790812,13.61639438630198,15.724955625273667
c920,green,449,15.52485225,36.19674700000175,56,833.6817389200119,1014.8556042566923,13.005435127152186,15.831747426404402
c920,red,450,15.556728097999999,31.87584799999854,64,895.8300148586088,1204.8801994949372,13.974948231794295,18.79613111212102
c920,green,450,15.556728097999999,31.87584799999854,61,926.138920426973,1117.3230972636752,14.447767158660778,17.43024031731333
c920,red,451,15.588653521,31.925423000000563,62,807.5392907232929,1164.089389110345,12.597612935283369,18.159794470121383
c920,green,451,15.588653521,31.925423000000563,53,956.2396800309224,1280.6502938711055,14.917339008482388,19.978144584389245
c920,red,452,15.624677434999999,36.02391399999938,57,726.1039423164643,1013.479416269214,11.327221500136844,15.810278893799737
c920,green,452,15.624677434999999,36.02391399999938,63,856.4203571934789,1045.0299505150126,13.36015757221827,16.302467228034196
c920,red,453,15.656721412,32.04397700000072,58,865.3920886185263,1313.7977743256263,13.50011658244901,20.49524527947977
c920,green,453,15.656721412,32.04397700000072,64,908.6512650944321,1189.983572846747,14.17495973547314,18.56374373640925
c920,red,454,15.688638833999999,31.917421999999362,55,966.4636500436706,1551.9438157965444,15.07683294068126,24.21032352642609
c920,green,454,15.688638833999999,31.917421999999362,51,652.993821960428,977.773760716565,10.186703622582677,15.253270667178413
c920,red,455,15.72550371,36.86487600000099,47,744.0693595508075,1169.044891815852,11.607482008992596,18.23710031232729
c920,green,455,15.72550371,36.86487600000099,62,434.92621305784814,765.896357268569,6.78484892370243,11.947983173389675
c920,red,456,15.756673245,31.16953500000008,56,809.7192574663611,1223.69628935945,12.631620416475233,19.089662114007417
c920,green,456,15.756673245,31.16953500000008,65,402.9051727653618,711.790919530184,6.285320695139643,11.103938344670869
c920,red,457,15.788706999999999,32.03375499999872,51,753.8457920846756,1189.21982172577,11.75999435652094,18.55182921892201
c920,green,457,15.788706999999999,32.03375499999872,67,457.33449416446075,851.6869483306331,7.134418108965588,13.286316393957875
c920,red,458,15.824706026,35.99902600000071,48,694.6814137114382,1068.8126503648316,10.837030053898435,16.67347734569137
c920,green,458,15.824706026,35.99902600000071,69,505.5806984456622,924.8085256717561,7.887058895752331,14.427013000479395
c920,red,459,15.856672688,31.966662000000312,50,646.4749102533706,1168.3943672876212,10.085008599952582,18.226952129686893
c920,green,459,15.856672688,31.966662000000312,73,506.21449243494095,951.080356880139,7.896946081985078,14.836853567330166
c920,red,460,15.888667072999999,31.99438499999907,47,555.3982247415363,991.0462534615598,8.664212305967967,15.460321554000332
c920,green,460,15.888667072999999,31.99438499999907,68,473.65353730847943,896.1819715870449,7.388995182012279,13.9804387567579
c920,red,461,15.924817765,36.15069200000143,52,563.9163822946862,1031.697742330142,8.797095563797104,16.094484780350214
c920,green,461,15.924817765,36.15069200000143,71,464.898004950248,703.0131548224423,7.252408877223868,10.967005215230099
c920,red,462,15.956762113,31.944347999999678,51,518.4002038797593,874.9553490921271,8.087043180524244,13.649303445837184
c920,green,462,15.956762113,31.944347999999678,72,881.561544382275,1258.3350289029688,13.752360092363489,19.630026450886312
c920,red,463,15.988701239,31.939125999999263,59,554.4505599097666,911.2802867916754,8.649428734592359,14.215972473950135
c920,green,463,15.988701239,31.939125999999263,77,989.2086306630404,1222.8152470409393,15.43165463834343,19.075917853838654
c920,red,464,16.025016579,36.31533999999981,61,563.1024271622704,882.2957982481731,8.784397863731417,13.7638144526715
c920,green,464,16.025016579,36.31533999999981,75,766.9887077342216,962.9175038963125,11.965023840653856,15.021513060782475
c920,red,465,16.05669789,31.681310999999823,61,636.1417516485238,1007.1164419235371,9.923811325716972,15.711016494007177
c920,green,465,16.05669789,31.681310999999823,76,791.4977560962529,1131.8687362718601,12.347364995101543,17.657152285841015
c920,red,466,16.088713738,32.01584800000035,63,625.1443491090778,1016.0428671938553,9.752251846101613,15.85026872822414
c920,green,466,16.088713738,32.01584800000035,73,827.6051170959956,1187.1018410577435,12.910639826697532,18.518788720500797
c920,red,467,16.120892141,32.17840299999963,58,609.9954733472048,944.6508428942115,9.515929384216394,14.736553149149696
c920,green,467,16.120892141,32.17840299999963,69,929.3084799846089,1252.89330975551,14.497212287759897,19.545135632185957
c920,red,468,16.156713185,35.82104400000219,59,556.0881749191095,885.6599669930534,8.674975528738107,13.816295485091633
c920,green,468,16.156713185,35.82104400000219,74,844.0879792041792,1054.4237506184948,13.167772475585195,16.449010509648517
c920,red,469,16.18871333,32.000144999997815,52,741.2228672028193,1164.1834007681334,11.563076728363981,18.16126105198288
c920,green,469,16.18871333,32.000144999997815,73,820.5309958364187,1208.5508982146034,12.80028353504813,18.853394012147813
c920,red,470,16.220714455,32.00112500000074,57,764.4475669225794,1095.5741467988375,11.925382043992238,17.090956690061866
c920,green,470,16.220714455,32.00112500000074,66,894.9359603383778,1184.4942718604912,13.961000981278692,18.47811064102366
c920,red,471,16.256693796,35.979341000000886,58,1082.0175642512827,1345.2480469684247,16.87947400232001,20.985869532707422
c920,green,471,16.256693796,35.979341000000886,59,674.5606174110812,1184.7233339375346,10.523145631612866,18.48168400942554
c920,red,472,16.288709439999998,32.01564399999768,55,1255.3388262908948,1520.0360883278277,19.583285690137956,23.71256297791411
c920,green,472,16.288709439999998,32.01564399999768,62,500.05310931433576,964.0169634727831,7.800828505303638,15.038664630175417
c920,red,473,16.32076525,32.05581000000279,47,1037.7092581672002,1370.4516899236185,16.188264427408324,21.37904636280845
c920,green,473,16.32076525,32.05581000000279,67,796.3152400044155,1211.8754589977536,12.422517744068882,18.905257160364954
c920,red,474,16.356769202,36.00395199999795,57,606.8093554874365,878.2159320717882,9.466225945604009,13.700168540319897
c920,green,474,16.356769202,36.00395199999795,68,717.7419333101823,1120.2921248024545,11.196774159638842,17.47655714691829
c920,red,475,16.388713957,31.94475500000138,59,813.925655188178,1108.7339273675482,12.697240220935576,17.29624926693375
c920,green,475,16.388713957,31.94475500000138,73,727.5952805683397,1138.9554153313275,11.3504863768661,17.767704479168707
c920,red,476,16.420836342,32.122385000000975,64,999.2314550265725,1273.1873719858518,15.588010698414529,19.861723002979286
c920,green,476,16.420836342,32.122385000000975,64,769.9869083168526,1230.7587442730376,12.0117957697429,19.199836410659383
c920,red,477,16.488767326999998,67.93098499999672,45,805.5305465854146,1065.4256891106472,12.566276526732468,16.620640750126096
c920,green,477,16.488767326999998,67.93098499999672,41,742.4805614004629,1065.924229372189,11.58269675784722,16.628417978206148
c920,red,478,16.520816026,32.048699000000624,60,1043.8709029605354,1280.3018179713201,16.28438608618435,19.97270836035259
c920,green,478,16.520816026,32.048699000000624,60,665.7443119398738,1188.5504484069115,10.385611266262032,18.541386995147818
c920,red,479,16.555317777,34.501751000000525,60,989.623029338132,1146.4560489589787,15.43811925767486,17.884714363760065
c920,green,479,16.555317777,34.501751000000525,59,701.6367366787214,1144.610777685491,10.945533092188054,17.85592813189366
c920,red,480,16.588710511,33.392733999999535,65,911.5750230382589,1102.5222747139278,14.220570359396838,17.199347485537274
c920,green,480,16.588710511,33.392733999999535,56,946.9799268412339,1265.2210328238923,14.772886858723247,19.737448112052718
c920,red,481,16.620738692,32.028181000001155,62,1119.276411614101,1274.3855170254124,17.46071202117998,19.880414065596433
c920,green,481,16.620738692,32.028181000001155,48,1009.0280169171929,1260.4300956736763,15.74083706390821,19.66270949250935
c920,red,482,16.652866336,32.12764399999912,62,1127.4724271085033,1380.097590066219,17.588569862892648,21.529522405033017
c920,green,482,16.652866336,32.12764399999912,48,991.9179875520574,1303.253468523326,15.473920605812093,20.330754108963884
c920,red,483,16.688778214,35.911878000000286,64,1095.4277124446899,1225.2022089088903,17.088672314137156,19.113154458978688
c920,green,483,16.688778214,35.911878000000286,46,847.4508357252955,1063.2037941042247,13.220233037314609,16.585979188025902
c920,red,484,16.720860135,32.081920999999625,45,836.0530416203916,1126.1478152737752,13.042427449278108,17.567905918270892
c920,green,484,16.720860135,32.081920999999625,16,762.9102949402665,1352.792301984874,11.901400601068158,21.10355991096403
c920,red,485,16.754297220999998,33.43708599999928,58,929.094397590912,1334.749733617696,14.493872602418227,20.822095844436053
c920,green,485,16.754297220999998,33.43708599999928,39,674.9685397131184,1146.108754156787,10.529509219524646,17.879296564845873
c920,red,486,16.788713879,34.41665800000138,59,603.2876810724123,1061.4104430631808,9.411287824729632,16.558002911785618
c920,green,486,16.788713879,34.41665800000138,33,924.303788340154,1145.762334578856,14.419139098106402,17.873892419430153
c920,red,487,16.820779505,32.0656260000014,60,569.836379631266,850.9286000260365,8.88944752224775,13.274486160406168
c920,green,487,16.820779505,32.0656260000014,36,647.7863745910589,1344.1521979515585,10.105467443620519,20.96877428804431
c920,red,488,16.852945964,32.16645899999904,68,561.365467536996,919.7025596827344,8.757301293577138,14.347359931050658
c920,green,488,16.852945964,32.16645899999904,38,996.9619189897253,1309.0145996520143,15.552605936239715,20.42062775457142
c920,red,489,16.884820034,31.874070000000643,73,731.4290030038698,949.0433981029139,11.410292446860367,14.805077010405455
c920,green,489,16.884820034,31.874070000000643,36,727.0400320082247,1274.819978458113,11.341824499328306,19.88719166394656
c920,red,490,16.920793078,35.973043999998566,65,429.92384460581576,767.784283024786,6.706811975850726,11.97743481518666
c920,green,490,16.920793078,35.973043999998566,42,787.8964336172792,1082.6744720098989,12.291184364429554,16.88972176335442
c920,red,491,16.953009333,32.21625500000158,62,485.6599753499776,742.7689408449427,7.576295615459651,11.587195477181107
c920,green,491,16.953009333,32.21625500000158,48,838.6030474443197,1354.1101303147695,13.082207540131387,21.124118032910403
c920,red,492,16.985846272,32.83693899999918,66,480.97636870211284,692.2264928471305,7.50323135175296,10.798733288415235
c920,green,492,16.985846272,32.83693899999918,45,867.6092224242477,1180.7456363161814,13.534703869818264,18.41963192653243
c920,red,493,17.020791632999998,34.94536099999834,68,477.793829482641,943.211797547246,7.453583739929199,14.714104041737036
c920,green,493,17.020791632999998,34.94536099999834,45,765.2860287059729,1178.9111711476273,11.938462047813175,18.391014269902985
c920,red,494,17.052778073,31.986440000000727,68,630.5719943877862,1100.7208799597881,9.836923112449465,17.171245727372696
c920,green,494,17.052778073,31.986440000000727,45,908.2860387023112,1559.1094547318858,14.169262203756054,24.322107493817416
c920,red,495,17.08883458,36.0565070000014,72,584.0034743698466,996.70412222061,9.110454200169606,15.548584306641516
c920,green,495,17.08883458,36.0565070000014,48,767.9340509642926,1060.6761999464616,11.979771195042964,16.5465487191648
c920,red,496,17.121396556,32.561976000000215,71,730.2690260079463,1192.0849743459125,11.392196805723962,18.596525599796234
c920,green,496,17.121396556,32.561976000000215,43,779.5982820664656,1162.8649848542243,12.161733200236862,18.1406937637259
c920,red,497,17.152853535,31.456978999997887,73,696.6328002705627,1101.9046296518059,10.867471684220778,17.189712222568172
c920,green,497,17.152853535,31.456978999997887,55,832.4019956049038,1137.7126791563046,12.9854711314365,17.74831779483835
c920,red,498,17.184846068,31.99253300000038,73,929.5571624460076,1370.7835189674606,14.501091734157718,21.384222895892385
c920,green,498,17.184846068,31.99253300000038,55,718.1077460049961,1003.2124702840455,11.202480837677939,15.65011453643111
c920,red,499,17.216771379,31.925311000001955,70,935.7702699435896,1151.7924179965178,14.598016211119997,17.967961720745677
c920,green,499,17.216771379,31.925311000001955,50,782.14786532583,1028.7511755985784,12.201506699082948,16.04851833933782
c920,red,500,17.253909865,37.138485999999915,74,716.1149557813769,1020.7887831053711,11.17139331018948,15.924305016443789
c920,green,500,17.253909865,37.138485999999915,62,635.7488198573997,904.1764776136135,9.917681589775434,14.105153050772369
c920,red,501,17.285389955,31.48008999999874,74,902.9343640728003,1231.7407097301837,14.085776079535684,19.215155071790864
c920,green,501,17.285389955,31.48008999999874,58,795.0533062331034,1059.4389676995154,12.402831577236412,16.52724789611244
c920,red,502,17.316788841,31.398886000001625,68,892.3242196449721,1233.9361071194137,13.920257826461565,19.249403271062853
c920,green,502,17.316788841,31.398886000001625,50,792.7235954644709,1217.161049340544,12.366488089245745,18.987712369712487
c920,red,503,17.352843607,36.05476599999946,69,779.7651469697836,1073.849625685097,12.164336292728624,16.75205416068751
c920,green,503,17.352843607,36.05476599999946,47,814.7153558697422,1122.583835102702,12.709559551567978,17.51230782760215
c920,red,504,17.384836917999998,31.99331099999725,66,944.3649594534631,1455.7293044587618,14.732093367474025,22.70937714955668
c920,green,504,17.384836917999998,31.99331099999725,39,792.1061599333076,1030.0490946551645,12.356856094959598,16.068765876620567
c920,red,505,17.41678021,31.943292000001122,57,920.0953306874102,1372.7536714269945,14.353487158723599,21.414957274261113
c920,green,505,17.41678021,31.943292000001122,49,984.2114617325892,1219.884981764403,15.353698803028392,19.030205715524687
c920,red,506,17.453037791,36.25758100000098,57,813.4909174044469,1200.9101024774666,12.69045831150937,18.73419759864848
c920,green,506,17.453037791,36.25758100000098,54,866.7282690550765,1094.896664534113,13.520960997259191,17.08038796673216
c920,red,507,17.484910157999998,31.87236699999829,58,1084.2621902195256,1384.559023130357,16.914490167424596,21.599120760833568
c920,green,507,17.484910157999998,31.87236699999829,57,889.6810443426954,1153.2109826471599,13.879024291746047,17.99009132929569
c920,red,508,17.520822868,35.912710000001624,61,819.6423322689839,1197.0398118350413,12.786420383396148,18.673821064626644
c920,green,508,17.520822868,35.912710000001624,59,782.5988172921114,969.2897666998032,12.208541549756937,15.120920360516928
c920,red,509,17.584792749,63.96988099999845,42,862.6360726029754,1150.7667604012674,13.457122732606415,17.951961462259774
c920,green,509,17.584792749,63.96988099999845,40,916.9382382774542,1113.5831068999287,14.304236517128285,17.371896467638884
c920,red,510,17.616768431,31.975682000002337,45,1034.1999338832318,1472.4905098377767,16.133518968578414,22.970851953469317
c920,green,510,17.616768431,31.975682000002337,50,979.2869017648,1157.4218197729836,15.276875667530877,18.055780388458544
c920,red,511,17.654024490999998,37.25605999999715,48,805.1305693403244,1138.5947832057159,12.56003688170906,17.762078618009166
c920,green,511,17.654024490999998,37.25605999999715,45,792.4762358131022,991.7546642830634,12.362629278684395,15.47137276281579
c920,red,512,17.684801823,30.7773320000031,62,1111.3076887791058,1457.4618064590184,17.336399944954046,22.736404180760683
c920,green,512,17.684801823,30.7773320000031,54,1047.024340102254,1260.8905470406708,16.333579705595163,19.669892533834464
c920,red,513,17.71682643,32.024607000000316,53,809.1417283445971,1258.7374942367421,12.622610962175715,19.636304910093177
c920,green,513,17.71682643,32.024607000000316,56,1075.173364717633,1305.7726725926914,16.77270448959507,20.370053692445985
c920,red,514,17.752926362,36.09993199999906,52,827.0806712914198,1133.342962120893,12.902458472146147,17.68015020908593
c920,green,514,17.752926362,36.09993199999906,59,822.8148453682142,1089.028294834505,12.83591158774414,16.988841399418277
c920,red,515,17.785521524,32.59516199999979,55,909.6509585222385,1257.388118279163,14.19055495294692,19.615254645154945
c920,green,515,17.785521524,32.59516199999979,56,889.4007225084981,1094.0115810912284,13.87465127113257,17.06658066502316
c920,red,516,17.850096811,64.57528700000026,30,735.7111420297244,1196.5646429069911,11.4770938156637,18.666408429349058
c920,green,516,17.850096811,64.57528700000026,37,1000.4150010250902,1171.526965791092,15.606474015991406,18.275820666341033
c920,red,517,17.88485858,34.761768999999276,54,657.3630112516599,1132.321106394243,10.254862975525896,17.664209259750194
c920,green,517,17.88485858,34.761768999999276,53,742.0263814570501,981.0025554675507,11.575611550729981,15.303639865293789
c920,red,518,17.916774113,31.915532999999385,55,783.2294797543133,1309.3185179947027,12.218379884167286,20.42536888071736
c920,green,518,17.916774113,31.915532999999385,47,834.3766663842289,1109.4811968121965,13.01627599559397,17.307906670270263
c920,red,519,17.948783831,32.009718000001186,35,977.79584043225,1498.4502468479232,15.253615110743098,23.3758238508276
c920,green,519,17.948783831,32.009718000001186,55,893.5459960299448,1198.6817453131525,13.939317538067138,18.69943522688518
c920,red,520,17.984797801,36.01396999999906,40,901.0856673298136,1411.4762572499662,14.056936410345092,22.019029613099473
c920,green,520,17.984797801,36.01396999999906,62,737.557990629293,1115.5077115713661,11.505904653816971,17.40192030051331
c920,red,521,18.016786816,31.98901500000062,35,996.3825118475185,1472.9864052412104,15.543567184821287,22.978587921762884
c920,green,521,18.016786816,31.98901500000062,61,822.1431050026264,1352.6013392326,12.825432438040972,21.100580892028557
c920,red,522,18.048790886,32.004069999999274,39,955.3213776795126,1663.6932294236117,14.903013491800396,25.953614379008343
c920,green,522,18.048790886,32.004069999999274,59,707.1951328907105,1113.2150731656768,11.032244073095084,17.36615514138456
c920,red,523,18.085054763,36.26387699999967,51,844.1437321962942,1333.348017006951,13.16864222226219,20.800229065308436
c920,green,523,18.085054763,36.26387699999967,68,743.1949424780589,969.7554728025615,11.59384110265772,15.128185375719958
c920,red,524,18.116886963,31.8322000000002,49,968.4642746380962,1574.6541429091442,15.1080426843543,24.564604629382647
c920,green,524,18.116886963,31.8322000000002,61,852.2627892286688,1108.757683829868,13.295299511967233,17.29661986774594
c920,red,525,18.148806644,31.919681000001532,44,890.2305827008953,1436.4174660611368,13.887597090133966,22.408112470553736
c920,green,525,18.148806644,31.919681000001532,65,830.7179405167312,1179.4046456874703,12.959199872061006,18.398712472724537
c920,red,526,18.185525576,36.71893199999943,60,714.3137649025641,1191.2904656799606,11.143294732480001,18.584131264607382
c920,green,526,18.185525576,36.71893199999943,64,781.6086202051604,986.4333337473147,12.193094475200501,15.38836000645811
c920,red,527,18.249623679,64.09810299999918,22,610.450130524634,1000.8413897130446,9.52302203618429,15.613125679523495
c920,green,527,18.249623679,64.09810299999918,45,1004.4900059543761,1270.8751263073643,15.670044092888267,19.825651970394883
c920,red,528,18.281576323,31.95264400000042,53,723.8845121312123,1258.0650183237267,11.292598389246912,19.625814285850137
c920,green,528,18.281576323,31.95264400000042,56,875.2583130186256,1225.2423211425748,13.654029683090556,19.113780209824164
c920,red,529,18.316799035,35.22271199999949,47,632.5175716075007,1044.1428090102966,9.867274117077011,16.288627820560624
c920,green,529,18.316799035,35.22271199999949,65,809.3879925304352,1100.556974951656,12.626452683474788,17.168688809245833
c920,red,530,18.348829957,32.03092200000057,55,709.8310415849501,1162.3706751806765,11.07336424872522,18.132982532818552
c920,green,530,18.348829957,32.03092200000057,64,980.8935190505699,1308.2485617874856,15.30193889718889,20.408677563884776
c920,red,531,18.380815175,31.985217999999094,60,622.4453812438799,989.4370558835853,9.710147947404526,15.435218071783929
c920,green,531,18.380815175,31.985217999999094,69,870.7325991342124,1223.542692073366,13.583428546493712,19.08726599634451
c920,red,532,18.416844515,36.02934000000246,61,588.0143061078928,1032.1871023609885,9.173023175283127,16.10211879683142
c920,green,532,18.416844515,36.02934000000246,64,904.1696719814186,1231.9985766625944,14.105046882910129,19.21917779593647
c920,red,533,18.448840345,31.995829999999614,59,646.7186855134178,1059.4752147612885,10.088811494009317,16.5278133502761
c920,green,533,18.448840345,31.995829999999614,65,902.4295881875701,1242.15483212752,14.077901575726091,19.37761538118931
c920,red,534,18.480850656,32.01031100000051,62,551.073994356872,1045.729902439867,8.596754311967203,16.313386478061922
c920,green,534,18.480850656,32.01031100000051,59,919.8550672302565,1363.9192327391095,14.349739048792001,21.277140030730106
c920,red,535,18.516823663,35.97300699999906,55,665.1131582430265,1068.2067510427041,10.375765268591213,16.664025316266184
c920,green,535,18.516823663,35.97300699999906,63,1034.6157964052168,1260.0737433649676,16.14000642392138,19.657150396493495
c920,red,536,18.54880564,31.98197700000094,61,1054.1812900215855,1322.471797312299,16.445228124336733,20.630560038071863
c920,green,536,18.54880564,31.98197700000094,59,768.5079154068457,1091.6635944765956,11.988723480346792,17.02995207383489
c920,red,537,18.58082421,32.01856999999819,56,860.7214421544309,1160.8187412591292,13.42725449760912,18.108772363642412
c920,green,537,18.58082421,32.01856999999819,60,973.3056228101484,1350.061112907525,15.183567715838313,21.06095336135739
c920,red,538,18.616886513,36.06230300000135,68,678.9454272161092,909.0216285008026,10.591548664571302,14.18073740461252
c920,green,538,18.616886513,36.06230300000135,66,832.4843890054076,1256.459316610388,12.986756468484359,19.60076533912205
c920,red,539,18.64886675,31.98023699999908,57,912.4717126208382,1175.080914975245,14.234558716885074,18.331262273613817
c920,green,539,18.64886675,31.98023699999908,70,825.3082145036793,1162.5552157540726,12.874808146257397,18.13586136576353
c920,red,540,18.681069079,32.20232900000042,61,1027.3061909317503,1299.9834705069936,16.025976578535303,20.2797421399091
c920,green,540,18.681069079,32.20232900000042,63,695.6978611146463,1082.7237224970402,10.852886633388483,16.890490070953824
c920,red,541,18.713043575,31.97449600000013,70,800.6206021017529,1064.883836648406,12.489681392787343,16.61218785171513
c920,green,541,18.713043575,31.97449600000013,60,957.782053586928,1401.029555024163,14.941400035956075,21.856061058376945
c920,red,542,18.748817398,35.77382299999954,63,741.21173919811,1004.1719753418434,11.562903131490515,15.665082815332758
c920,green,542,18.748817398,35.77382299999954,55,860.4406631487361,1173.0754738732924,13.422874345120283,18.299977392423358
c920,red,543,18.780833023,32.01562499999966,70,1077.9740467290258,1298.9953614978017,16.8163951289728,20.264327639365707
c920,green,543,18.780833023,32.01562499999966,48,886.1946917551919,1302.20079221546,13.824637191380994,20.314332358561174
c920,red,544,18.816806808,35.97378499999948,68,895.6567962361705,1056.4237608447222,13.97224602128426,16.48021066917767
c920,green,544,18.816806808,35.97378499999948,48,855.4461933488799,1238.701717560692,13.344960616242526,19.323746793946796
c920,red,545,18.848814619,32.00781099999972,66,928.7587006728568,1139.8903734637229,14.488635730496565,17.782289826034074
c920,green,545,18.848814619,32.00781099999972,55,1007.1527094376913,1265.7383295041873,15.711582267227984,19.74551794026532
c920,red,546,18.880859689,32.04507000000234,61,982.6414933710524,1204.5585684405207,15.329207296588418,18.79111366767212
c920,green,546,18.880859689,32.04507000000234,40,1050.5000354690853,1380.9423160126482,16.38780055331773,21.54270012979731
c920,red,547,18.916873825,36.01413599999859,60,688.0976620962751,1021.5317525416334,10.734323528701893,15.93589533964948
c920,green,547,18.916873825,36.01413599999859,47,991.2327939578809,1222.2764082219653,15.46323158574294,19.067511968262657
c920,red,548,18.948847599,31.973774000000788,56,617.384707949731,906.932395822166,9.631201444015804,14.148145374825788
c920,green,548,18.948847599,31.973774000000788,49,460.9815049064579,807.7196705014594,7.191311476540743,12.600426859822765
c920,red,549,18.981535927,32.68832799999899,68,440.91643208210394,678.3654722432858,6.878296340480821,10.582501366995258
c920,green,549,18.981535927,32.68832799999899,45,473.26578419886687,799.1151787474779,7.382946233502323,12.466196788460655
c920,red,550,19.01688025,35.344323000000344,37,959.528466889699,1411.2726704172837,14.968644083479303,22.015853658509624
c920,green,550,19.01688025,35.344323000000344,68,143.98782824073314,343.91448087029573,2.2462101205554372,5.365065901576613
c920,red,551,19.048824117,31.94386699999896,18,1592.5578774962014,2269.861070819973,24.84390288894074,35.409832704791576
c920,green,551,19.048824117,31.94386699999896,76,116.41296942849762,185.93314239468415,1.8160423230845628,2.9005570213570726
c920,red,552,19.080876909,32.05279200000177,19,480.0775645832258,1451.125080346685,7.489210007498322,22.637551253408283
c920,green,552,19.080876909,32.05279200000177,75,115.08034030619308,208.90445166134947,1.795253308776612,3.258909445917052
c920,red,553,19.112934905,32.05799599999892,13,515.9152688182237,1325.1155164279603,8.04827819356429,20.671802056276178
c920,green,553,19.112934905,32.05799599999892,76,163.6048030067658,226.8815160064105,2.5522349269055464,3.5393516497000035
c920,red,554,19.148828505,35.89360000000141,12,330.5589612937471,1042.7583668681596,5.156719796182454,16.267030523143287
c920,green,554,19.148828505,35.89360000000141,71,55.56546458438881,93.81862889743009,0.8668212475164655,1.4635706107999094
c920,red,555,19.180825742,31.99723699999879,7,384.70652983025565,2393.3618539237223,6.001421865351988,37.33644492121007
c920,green,555,19.180825742,31.99723699999879,76,153.81715517552198,190.23588539988242,2.3995476207381428,2.967679812238166
c920,red,556,19.212887145,32.061403000000155,5,171.85164822641227,181.5420728098453,2.680885712332031,2.8320563358335864
c920,green,556,19.212887145,32.061403000000155,77,129.5075821974026,193.33643444453375,2.0203182822794803,3.0160483773347266
c920,red,557,19.245202177,32.31503199999963,4,358.73587370802045,874.3319549585211,5.596279629845119,13.639578497352929
c920,green,557,19.245202177,32.31503199999963,70,263.24673692687065,345.25423945594343,4.106649096059183,5.385966135512717
c920,red,558,19.281387832,36.185655000000594,9,149.1505659541882,335.48565350906244,2.326748828885336,5.233576194741374
c920,green,558,19.281387832,36.185655000000594,77,169.58397538287238,230.7666653957243,2.645510015972809,3.599959980173299
c920,red,559,19.312925681,31.53784899999934,7,57.14876650278442,1913.4869725656165,0.8915207574434368,29.850396772023615
c920,green,559,19.312925681,31.53784899999934,71,57.732060919295016,136.75306281161932,0.9006201503410022,2.1333477798612615
c920,red,560,19.348841725,35.91604400000037,5,190.67797195830482,1058.454998715248,2.974576362549555,16.51189797995787
c920,green,560,19.348841725,35.91604400000037,61,120.44089561245181,167.1130921910662,1.878877971554248,2.6069642381806326
c920,red,561,19.380855888,32.014162999999485,6,71.53418933475673,351.19487662539836,1.115933353622205,5.478640075356215
c920,green,561,19.380855888,32.014162999999485,72,69.5718468638423,189.17667278380247,1.0853208110759396,2.9511560954273186
c920,red,562,19.41293118,32.07529200000181,1,73.08365090847202,73.08365090847202,1.1401049541721635,1.1401049541721635
c920,green,562,19.41293118,32.07529200000181,74,117.71533431759127,148.29046314892315,1.8363592153544237,2.3133312251232008
c920,red,563,19.444949843,32.01866299999878,2,1105.4451232281158,1540.088116643692,17.244943922358605,24.025374619641596
c920,green,563,19.444949843,32.01866299999878,74,99.80062255090976,122.62511800306739,1.5568897117941922,1.912951840847851
c920,red,564,19.480877905,35.92806199999998,1,710.9215882530827,710.9215882530827,11.09037677674809,11.09037677674809
c920,green,564,19.480877905,35.92806199999998,74,119.05517714162372,155.97841619221953,1.8572607634093297,2.433263292598624
c920,red,565,19.513166216,32.288310999998515,3,2229.821976033191,2350.04916741969,34.785222826117774,36.66076701174717
c920,green,565,19.513166216,32.288310999998515,77,61.40004514516875,103.52714078685716,0.9578407042646324,1.6150233962749714
c920,red,566,19.545050175,31.883959000001738,6,801.9705257040257,1890.9368013443095,12.5107402009828,29.498614100971228
c920,green,566,19.545050175,31.883959000001738,69,57.21391683540591,144.38154210768252,0.8925371026323322,2.252352056879847
c920,red,567,19.580873886,35.82371099999904,5,149.86306063427142,859.4461415306713,2.337863745894634,13.407359807878471
c920,green,567,19.580873886,35.82371099999904,69,107.93742388405681,189.84519784877745,1.683823812591286,2.9615850864409285
c920,red,568,19.613072973999998,32.19908799999871,9,309.8384850599858,1544.1018817273844,4.833480366935778,24.087989354947197
c920,green,568,19.613072973999998,32.19908799999871,73,190.58123933322798,232.6910213365818,2.9730673335983564,3.629979932850676
c920,red,569,19.644900711,31.82773700000041,6,291.9737433313709,845.7515754585536,4.554790395969385,13.193724577153436
c920,green,569,19.644900711,31.82773700000041,68,162.35777118227483,218.65481934919592,2.5327812304434874,3.411015181847456
c920,red,570,19.680916885,36.016174000000234,3,88.91041471871445,114.38326406550512,1.3870024696119454,1.7843789194218795
c920,green,570,19.680916885,36.016174000000234,71,52.40151758481129,93.15562856248344,0.817463674323056,1.4532278055747416
c920,red,571,19.776939095,96.022210000001,6,28.462813269411754,192.76058352681275,0.44401988700282335,3.0070651030182787
c920,green,571,19.776939095,96.022210000001,67,26.759154755883046,85.70378321820311,0.4174428141917755,1.3369790182039685
c920,red,572,19.81303912,36.10002499999965,5,185.2294633291849,434.0386302601538,2.8895796279352846,6.7710026320584
c920,green,572,19.81303912,36.10002499999965,74,56.621938056133786,180.1934275469706,0.883302233675687,2.8110174697327412
c920,red,573,19.844912061,31.8729409999996,3,343.7493051353497,2071.4791705482935,5.362489160111455,32.315075060553376
c920,green,573,19.844912061,31.8729409999996,75,52.08698098285128,135.8258014823162,0.81255690333248,2.1188825031241327
c920,red,574,19.876891076,31.979015000001,5,153.84546848937862,438.4089952161944,2.3999893084343062,6.839180325372633
c920,green,574,19.876891076,31.979015000001,58,227.18474090939674,306.63722665625806,3.5440819581865886,4.783540735837626
c920,red,575,19.912940749,36.04967300000084,4,518.7488900147707,1781.4446399927003,8.092482684230422,27.790536383886124
c920,green,575,19.912940749,36.04967300000084,72,70.52748513479453,127.4010804116892,1.1002287681027947,1.9874568544223514
c920,red,576,19.944884264,31.943514999998257,3,690.5559731615747,1297.1646914264197,10.772673181320565,20.235769186252146
c920,green,576,19.944884264,31.943514999998257,72,101.55919299460842,178.91868867036396,1.5843234107158914,2.7911315432576775
c920,red,577,19.976897038,32.0127740000018,4,715.6186801149278,2475.0287925845228,11.163651409792871,38.61044916431855
c920,green,577,19.976897038,32.0127740000018,72,156.1844033530113,269.3645359604129,2.4364766923069765,4.202086760982442
c920,red,578,20.012914008,36.016969999998594,6,393.943423649444,1272.3738858352829,6.145517408931326,19.849032619030414
c920,green,578,20.012914008,36.016969999998594,71,55.98095261880329,159.41299722669146,0.8733028608533313,2.4868427567363867
c920,red,579,20.044911541,31.997533000001965,3,174.75944905505781,204.18037403946863,2.726247405258902,3.1852138350157104
c920,green,579,20.044911541,31.997533000001965,67,116.57549993176352,171.85256192747795,1.8185777989355107,2.680899966068656
c920,red,580,20.077021203,32.10966199999987,3,184.14235408884406,244.98237494166605,2.872620723785967,3.82172504908999
c920,green,580,20.077021203,32.10966199999987,74,155.81935908575184,234.3921721531139,2.4307820017377284,3.6565178855885767
c920,red,581,20.108935846999998,31.914643999996883,6,611.8699180823244,897.7211824155279,9.545170722084261,14.004450445682236
c920,green,581,20.108935846999998,31.914643999996883,72,281.73830487598855,374.9297821199966,4.395117556065421,5.848904601071947
c920,red,582,20.144869984,35.9341370000017,3,245.60561108932043,618.8283567449348,3.8314475329933986,9.653722365220982
c920,green,582,20.144869984,35.9341370000017,58,107.4813732104934,318.02385041789273,1.676709422083697,4.961172066519127
c920,red,583,20.176875128,32.00514399999932,1,541.6958963422995,541.6958963422995,8.450455982939872,8.450455982939872
c920,green,583,20.176875128,32.00514399999932,40,114.12205097314829,453.0275230529189,1.7803039951811133,7.067229359625535
c920,red,584,20.208880365,32.00523699999991,12,311.5513063942773,1166.8183251583841,4.860200379750724,18.202365872470793
c920,green,584,20.208880365,32.00523699999991,67,175.5126660454181,346.7505094067129,2.737997590308522,5.409307946744722
c920,red,585,20.244915742,36.035377000001034,14,1231.0573484094655,1662.5777744329218,19.20449463518766,25.936213281153577
c920,green,585,20.244915742,36.035377000001034,63,254.61906921221205,367.4753399548626,3.9720574797105077,5.732615303295856
c920,red,586,20.276889627,31.973884999999314,9,926.7829509309109,1863.7295462729926,14.45781403452221,29.07418092185868
c920,green,586,20.276889627,31.973884999999314,59,401.0706023959202,592.9178345695642,6.2567013973763554,9.249518219285202
c920,red,587,20.308912752999998,32.02312599999857,4,1258.5616320289391,4637.926007624662,19.63356145965145,72.35164571894472
c920,green,587,20.308912752999998,32.02312599999857,67,334.6625181718226,429.63886517807566,5.220735283480432,6.7023662967779805
c920,red,588,20.344884334,35.97158100000186,3,269.93913507634727,617.5443371865349,4.211050507191017,9.633691660109944
c920,green,588,20.344884334,35.97158100000186,72,320.1798006034737,379.8095719129814,4.994804889414189,5.92502932184251
c920,red,589,20.376970422,32.08608799999979,5,251.8935206972774,756.081026344959,3.9295389228775273,11.79486401098136
c920,green,589,20.376970422,32.08608799999979,72,369.15241258556455,450.61236564220985,5.7587776363348055,7.029552904018473
c920,red,590,20.409723473,32.753051000000255,4,313.11174568410473,2312.086762147217,4.8845432326720335,36.06855348949659
c920,green,590,20.409723473,32.753051000000255,70,314.34053669521813,356.46923331399444,4.903712372445403,5.5609200396983125
c920,red,591,20.445006239999998,35.282766999998216,1,208.82099367792821,208.82099367792821,3.25760750137568,3.25760750137568
c920,green,591,20.445006239999998,35.282766999998216,74,195.94670159449475,239.80467207975275,3.056768544874118,3.740952884444143
c920,red,592,20.476894885,31.888645000002214,2,339.1409878698487,530.7607843563445,5.290599410769639,8.279868235958974
c920,green,592,20.476894885,31.888645000002214,77,110.55387021137055,198.51599525728264,1.7246403752973805,3.096849526013609
c920,red,593,20.508895047,32.00016199999922,4,1385.0063961730252,1993.612421895083,21.60609978029919,31.100353781563292
c920,green,593,20.508895047,32.00016199999922,74,43.568025423781904,82.83477412269289,0.6796611966109977,1.292222476314009
c920,red,594,20.544952276,36.057229000000746,2,1051.341275800724,1205.1438243269868,16.400923902491293,18.800243659500993
c920,green,594,20.544952276,36.057229000000746,72,44.43806334831227,126.32061187058233,0.6932337882336714,1.970601545181084
c920,red,595,20.576912735,31.96045900000044,2,1015.6138163508982,1798.0807298584164,15.843575535074011,28.050059385791293
c920,green,595,20.576912735,31.96045900000044,75,100.85907841547608,181.38702237000783,1.5734016232814267,2.829637548972122
c920,red,596,20.608926009,32.013274000000536,2,165.10501413158107,167.78216009865608,2.5756382204526647,2.617401697539035
c920,green,596,20.608926009,32.013274000000536,76,33.95645321740254,94.90024850782993,0.5297206701914796,1.4804438767221468
c920,red,597,20.641587967,32.66195799999849,3,102.66151321785226,192.37619638443584,1.601519606198495,3.0010686635971986
c920,green,597,20.641587967,32.66195799999849,78,52.44414156512558,93.3045725312808,0.818128608415959,1.4555513314879804
c920,red,598,20.676917697,35.329730000000836,6,158.0161436794904,530.5875175215207,2.46505184140005,8.277165273335722
c920,green,598,20.676917697,35.329730000000836,79,46.05585725480825,71.12182642009498,0.7184713731750088,1.1095004921534817
c920,red,599,20.708926138,32.008440999998555,10,193.27139511903772,614.9073002996702,3.015033763856988,9.592553884674853
c920,green,599,20.708926138,32.008440999998555,77,145.8863202945731,182.99866343092384,2.27582659659534,2.854779149522412
c920,red,600,20.741031578,32.10544000000226,10,140.1848109933901,1413.542319582285,2.186883051496885,22.051260185483645
c920,green,600,20.741031578,32.10544000000226,78,139.55217336549424,172.87720931145054,2.1770139045017105,2.6968844652586283
c920,red,601,20.777463881,36.432302999998,12,242.37985635146134,1487.0761163189757,3.7811257590827965,23.198387414576022
c920,green,601,20.777463881,36.432302999998,75,101.45811623274312,165.96865773111682,1.5827466132307926,2.589111060605422
c920,red,602,20.808936322,31.472441000001794,8,171.86554906015573,1464.7931968683172,2.6811025653384295,22.850773871145748
c920,green,602,20.808936322,31.472441000001794,78,146.21265678195783,176.80619520838022,2.2809174457985426,2.7581766452507313
c920,red,603,20.845003533,36.06721099999888,12,300.05696031564594,1553.6937252196099,4.680888580924076,24.237622113425914
c920,green,603,20.845003533,36.06721099999888,76,79.91083424124703,109.7470431474401,1.2466090141634536,1.7120538731000654
c920,red,604,20.876930436,31.926902999998674,4,212.30678039470507,1236.251319410513,3.3119857741573995,19.285520582804
c920,green,604,20.876930436,31.926902999998674,72,161.38790019688022,214.52935860474926,2.5176512430713314,3.3466579942340884
c920,red,605,20.908979635999998,32.049199999999445,2,205.79976108999853,209.8169633080238,3.210476273003977,3.273144627605171
c920,green,605,20.908979635999998,32.049199999999445,70,190.71459112392316,233.16553645492658,2.975147621533201,3.6373823686968545
c920,red,606,20.941016039,32.03640300000288,4,930.6955443962763,2176.018689396911,14.518850492581908,33.94589155459181
c920,green,606,20.941016039,32.03640300000288,73,145.04403155624894,205.66922527894306,2.2626868922774834,3.2084399143515117
c920,red,607,21.008951431,67.93539199999898,1,866.3935142275758,866.3935142275758,13.515738821950182,13.515738821950182
c920,green,607,21.008951431,67.93539199999898,73,180.93520625237943,238.07672810300295,2.8225892175371188,3.7139969584068457
c920,red,608,21.076957564,68.0061330000008,3,314.8918941095937,323.3866974119722,4.912313548109662,5.044832479626766
c920,green,608,21.076957564,68.0061330000008,54,293.08665251830655,414.0330767071329,4.572151779285582,6.458915996631273
c920,red,609,21.108935115999998,31.97755199999719,26,1316.9717881056968,1845.3297122750064,20.544759894448866,28.7871435114901
c920,green,609,21.108935115999998,31.97755199999719,37,679.2307710358584,1117.2240754190943,10.596000028159391,17.428695576537873
c920,red,610,21.140934723,31.99960700000304,37,420.66880657911173,1116.0935374048152,6.5624333826341426,17.411059183515118
c920,green,610,21.140934723,31.99960700000304,41,885.72075674359,1314.8150905754935,13.817243805200002,20.5111154129777
c920,red,611,21.173007125999998,32.07240299999725,16,1855.3492542064664,2179.131340915644,28.943448365620874,33.99444891828405
c920,green,611,21.173007125999998,32.07240299999725,16,792.5681851606901,1611.7300441660775,12.364063688506764,25.14298868899081
c920,red,612,21.208944022,35.936896000002605,1,1456.4633077500737,1456.4633077500737,22.72082760090115,22.72082760090115
c920,green,612,21.208944022,35.936896000002605,19,693.0667357904395,1443.0486344002677,10.811841078330856,22.511558696644176
c920,red,613,21.240943407,31.99938499999888,4,1154.5294391984455,1557.7450190210025,18.01065925149575,24.300822296727635
c920,green,613,21.240943407,31.99938499999888,26,991.220377748612,1861.874864577543,15.463037892878347,29.04524788740967
c920,red,614,21.273053329,32.10992200000007,1,3156.4845053388362,3156.4845053388362,49.24115828328584,49.24115828328584
c920,green,614,21.273053329,32.10992200000007,28,906.500279269855,1836.017206883034,14.141404356609737,28.64186842737533
c920,red,615,21.308946428,35.89309899999904,10,431.53330707093886,745.4521344509036,6.731919590306646,11.629053297434096
c920,green,615,21.308946428,35.89309899999904,37,1066.0024398154403,1193.2636627122668,16.62963806112087,18.614913138311362
c920,red,616,21.340945832,31.999404000000453,17,1748.4911956757069,1920.8185706450088,27.276462652541024,29.964769702062135
c920,green,616,21.340945832,31.999404000000453,36,686.3226879821023,1051.080209987535,10.706633932520795,16.396851275805545
c920,red,617,21.373043030999998,32.097198999998966,47,1336.0251284526057,1919.3177729976007,20.84199200386065,29.941357258762572
c920,green,617,21.373043030999998,32.097198999998966,34,904.1527476886718,1289.1947659061052,14.104782863943278,20.11143834813524
c920,red,618,21.408955204999998,35.91217399999991,39,1611.46782055676,1979.351780034547,25.138898000685455,30.87788776853893
c920,green,618,21.408955204999998,35.91217399999991,49,353.5239655338016,813.3934877202063,5.514973862327304,12.688938408435217
c920,red,619,21.442487772,33.532567000001734,14,2234.090626262827,2823.922341653682,34.8518137697001,44.05318852979743
c920,green,619,21.442487772,33.532567000001734,44,660.7069254841861,1126.1428112760673,10.307028037553302,17.567827855906646
c920,red,620,21.474268899,31.781126999998577,7,2604.239064909269,3261.4994213011814,40.626129412584596,50.879390972298424
c920,green,620,21.474268899,31.781126999998577,44,654.0091263263312,1116.8898926697468,10.202542370690766,17.423482325648052
c920,red,621,21.509035,34.766101000002436,18,1864.9686498461142,2554.6069886957052,29.09351093759938,39.851869023653
c920,green,621,21.509035,34.766101000002436,49,511.53933822470657,884.431750074896,7.980013676305422,13.797135301168375
c920,red,622,21.540963218999998,31.928218999997426,17,1985.8912796804893,2671.9327086259373,30.979903963015634,41.682150254564625
c920,green,622,21.540963218999998,31.928218999997426,44,510.05264398015595,926.9966143474612,7.956821246090433,14.461147183820394
c920,red,623,21.573070511,32.10729200000273,18,1930.0798632869637,2353.168982343431,30.109245867276634,36.70943612455752
c920,green,623,21.573070511,32.10729200000273,51,589.7542634294776,1208.189192073531,9.200166509499851,18.847751396347082
c920,red,624,21.605015674,31.94516299999961,38,1927.149146114418,2131.362920589062,30.06352667938492,33.249261561189364
c920,green,624,21.605015674,31.94516299999961,46,600.5275409315914,1136.630787916636,9.368229638532824,17.731440291499524
c920,red,625,21.641019773,36.00409899999946,49,1456.4171944295751,1646.2459585069714,22.72010823310137,25.68143695270875
c920,green,625,21.641019773,36.00409899999946,43,423.90104395101116,648.6685226940771,6.6128562856357735,10.119228954027601
c920,red,626,21.674729802999998,33.71002999999817,53,683.5321087826283,1242.1566792465574,10.663100897009,19.377644196246294
c920,green,626,21.674729802999998,33.71002999999817,47,869.4599319883534,1281.6158968464388,13.563574939018313,19.993207990804446
c920,red,627,21.70500445,30.274647000002375,60,1274.7404427242493,1768.2219955031562,19.885950906498287,27.584263129849237
c920,green,627,21.70500445,30.274647000002375,61,525.2324475489961,728.6875504995307,8.193626181764339,11.36752578779268
c920,red,628,21.740976458,35.97200799999811,45,1517.4457216539174,1946.8009871351228,23.67215325780111,30.370095399307914
c920,green,628,21.740976458,35.97200799999811,57,493.1545102971983,889.8744563869702,7.693210360636294,13.882041519636735
c920,red,629,21.773038379,32.06192100000038,61,1173.834855536149,1346.032669387022,18.311823746363924,20.99810964243754
c920,green,629,21.773038379,32.06192100000038,59,447.5504261429934,601.2488285997322,6.981786647830696,9.37948172615582
c920,red,630,21.804984616,31.946236999999655,63,870.1732935091148,1325.9550016629457,13.574703378742191,20.684898025941955
c920,green,630,21.804984616,31.946236999999655,57,661.745195466228,930.7272309792647,10.323225049273155,14.519344803276528
c920,red,631,21.841004511999998,36.01989599999911,52,1044.572584126238,1469.6289641177632,16.295332312369315,22.926211840237105
c920,green,631,21.841004511999998,36.01989599999911,59,612.2053652770014,822.2473636789683,9.550403698321222,12.827058873391906
c920,red,632,21.873125989,32.12147700000045,57,582.5676651179152,968.6226987463589,9.088055575839476,15.110514100443197
c920,green,632,21.873125989,32.12147700000045,59,482.324200775965,824.8695755369275,7.524257532105054,12.867965378376068
c920,red,633,21.905011985999998,31.885996999999833,73,1087.9383482370736,1601.4847548082332,16.971838232498346,24.983162175008435
c920,green,633,21.905011985999998,31.885996999999833,40,526.0153254567895,981.2771757349557,8.205839077125916,15.307923941465308
c920,red,634,21.941007752,35.99576600000276,69,532.1001933515294,840.7502343026864,8.300763016283858,13.115703655121907
c920,green,634,21.941007752,35.99576600000276,35,356.4907924190602,779.5049692861875,5.561256361737339,12.160277520864524
c920,red,635,21.973031673999998,32.02392199999693,67,706.8124189284205,1243.0141529377086,11.02627373528336,19.391020785828253
c920,green,635,21.973031673999998,32.02392199999693,48,352.19422395629994,741.9310705590342,5.494229893718279,11.574124700720933
c920,red,636,22.00501704,31.98536600000068,66,761.5886043491658,1214.6592154982268,11.880782227846986,18.948683761772337
c920,green,636,22.00501704,31.98536600000068,57,438.8163079379591,803.3247837443876,6.845534403832161,12.531866626412446
c920,red,637,22.037009147,31.992107000000658,60,825.2623333119693,1094.1835060104281,12.874092399666722,17.069262693762678
c920,green,637,22.037009147,31.992107000000658,54,503.96255534092023,660.7090795914621,7.8618158633183555,10.30706164162681
c920,red,638,22.073064914,36.05576700000057,60,662.9716429276332,976.0825740432533,10.342357629671078,15.226888155074752
c920,green,638,22.073064914,36.05576700000057,49,593.0165302382557,899.4595993573794,9.251057871716787,14.031569749975118
c920,red,639,22.104988984,31.92406999999875,58,849.4818232022074,1228.6904523954404,13.251916441954434,19.16757105736887
c920,green,639,22.104988984,31.92406999999875,54,916.396086960506,1219.9857728880245,14.295778956583892,19.03177805705318
c920,red,640,22.13702122,32.03223600000271,45,821.9357135953429,1214.643642828063,12.822197132087348,18.948440828117782
c920,green,640,22.13702122,32.03223600000271,55,537.0635686326368,759.4023202315085,8.378191670669134,11.846676195611533
c920,red,641,22.173096968,36.07574799999824,53,987.9337331790637,1349.9064116141071,15.411766237593392,21.05854002118007
c920,green,641,22.173096968,36.07574799999824,49,563.4009932794521,781.0974329784435,8.789055495159452,12.185119954463717
c920,red,642,22.205631093,32.534125000001524,25,717.0465242476139,1343.5098244250037,11.185925778262776,20.958753261030058
c920,green,642,22.205631093,32.534125000001524,48,431.52392240527996,736.4876315771271,6.731773189522367,11.48920705260318
c920,red,643,22.237009645,31.378551999999615,23,1487.5247925191632,1738.1887483101273,23.205386763298943,27.11574447363799
c920,green,643,22.237009645,31.378551999999615,50,381.07607831125506,547.793851508685,5.944786821655578,8.545584083535486
c920,red,644,22.273041652,36.03200699999931,30,841.466929354018,1751.5488683539281,13.12688409792268,27.32416234632128
c920,green,644,22.273041652,36.03200699999931,44,486.74865638889463,997.9956206869755,7.593279039666756,15.568731682716816
c920,red,645,22.305006667,31.965015000000818,29,1020.6709173762823,1789.424857515168,15.922466311070004,27.91502777723662
c920,green,645,22.305006667,31.965015000000818,41,1280.551348688021,1720.6369689493715,19.97660103953313,26.841936715610196
c920,red,646,22.337017219,32.01055199999914,36,664.825746369903,1484.236317925673,10.371281643370486,23.154086559640497
c920,green,646,22.337017219,32.01055199999914,29,1982.861881610659,2260.870191411812,30.93264535312628,35.26957498602426
c920,red,647,22.374193982999998,37.17676399999803,59,547.4520525121527,1343.9802972905438,8.540252019189582,20.966092637732483
c920,green,647,22.374193982999998,37.17676399999803,8,1893.4969921049515,2063.3925380659407,29.538553076837243,32.188923593828676
c920,red,648,22.405044981,30.850998000001795,57,745.9660441159137,1564.0140551988827,11.637070288208253,24.398619261102567
c920,green,648,22.405044981,30.850998000001795,4,2015.0529119398416,3236.4997127067395,31.43482542626153,50.48939551822514
c920,red,649,22.505049091,100.00411000000042,29,447.9851791898546,807.3657492380893,6.988568795361731,12.594905688114192
c920,green,649,22.505049091,100.00411000000042,2,254.62136778115152,416.26486646117723,3.9720933373859637,6.493731916794364
c920,red,650,22.537040587,31.99149599999984,59,503.9549025220297,902.8649292562174,7.861696479343664,14.08469289639699
c920,green,650,22.537040587,31.99149599999984,42,1562.5690263599627,1950.195506321797,24.37607681121542,30.423049898620036
c920,red,651,22.573085557,36.044969999998955,71,463.5911096304112,850.1354451002361,7.232021310234415,13.262112943563682
c920,green,651,22.573085557,36.044969999998955,38,1653.435243290623,1945.1727965331013,25.793589795333716,30.34469562591638
c920,red,652,22.605076053,31.990496000002366,66,529.1743839353978,849.7628534765067,8.255120389392207,13.256300514233503
c920,green,652,22.605076053,31.990496000002366,35,1988.9067701776544,2230.3389806918317,31.026945614771407,34.79328809879257
c920,red,653,22.637054567,31.978513999998626,63,611.4334723653894,938.2401997768322,9.538362168900075,14.636547116518582
c920,green,653,22.637054567,31.978513999998626,48,1727.2165704419388,1930.4833104763577,26.944578498894245,30.11553964343118
c920,red,654,22.669085803999998,32.031236999998214,65,520.6763756404421,1049.633337328332,8.122551459990897,16.374280062321976
c920,green,654,22.669085803999998,32.031236999998214,57,1419.0347719917213,1660.9168931045558,22.13694244307085,25.91030353243107
c920,red,655,22.705025348,35.93954400000143,67,527.0130143314603,918.6299810142889,8.221403023570781,14.330627703822906
c920,green,655,22.705025348,35.93954400000143,58,1282.198457027702,1507.7695488543081,20.002295929632147,23.521204962127204
c920,red,656,22.737066604,32.04125599999941,58,523.1619370027713,912.7452929424418,8.161326217243232,14.238826569902091
c920,green,656,22.737066604,32.04125599999941,56,1327.5795008024725,1614.1512237086645,20.71024021251857,25.180759089855165
c920,red,657,22.769053396,31.98679200000143,62,482.0051138750078,705.5329940287941,7.519279776450121,11.006314706849187
c920,green,657,22.769053396,31.98679200000143,46,1496.6941040018141,1784.4918407936352,23.3484280224283,27.838072716380708
c920,red,658,22.805084199,36.03080299999917,68,678.1107162014305,1037.1008605247066,10.578527172742316,16.17877342418542
c920,green,658,22.805084199,36.03080299999917,41,1214.232094005399,1482.5128823425014,18.942020666484222,23.12720096454302
c920,red,659,22.837044825,31.960626000000047,70,832.1933634484869,1164.5971950165908,12.982216469796395,18.167716242258816
c920,green,659,22.837044825,31.960626000000047,47,1358.299727867764,1569.8014172732715,21.189475754737117,24.488902109463034
c920,red,660,22.869521634999998,32.47680999999858,65,845.6015080042037,1171.0468054849152,13.191383524865577,18.268330165564677
c920,green,660,22.869521634999998,32.47680999999858,51,1322.7291346582203,1541.3028099197622,20.634574500668236,24.04432383474829
c920,red,661,22.905094957,35.573322000001184,62,567.9239072390747,891.9523289005343,8.859612952929563,13.914456330848335
c920,green,661,22.905094957,35.573322000001184,45,1216.8998216497969,1621.742759517193,18.98363721773683,25.29918704846821
c920,red,662,22.969096615999998,64.00165899999877,53,621.1408213968493,916.0622170004139,9.68979681379085,14.290570585206455
c920,green,662,22.969096615999998,64.00165899999877,7,1150.0818376186276,1202.5976346808877,17.941276666850587,18.760523101021846
c920,red,663,23.005127938,36.03132200000303,59,838.315028050137,1126.2786902753103,13.077714437582136,17.569947568294836
c920,green,663,23.005127938,36.03132200000303,42,1149.3616729555886,1468.333513292412,17.93004209810718,22.906002807361624
c920,red,664,23.069080856,63.95291799999825,39,824.7391788892888,1112.8400315104093,12.865931190672905,17.360304491562385
c920,green,664,23.069080856,63.95291799999825,5,1022.6497302318297,1386.8502197836533,15.953335791616542,21.634863428624993
c920,red,665,23.101143,32.06214400000107,55,690.9943536540081,1039.4557095520745,10.779511917002527,16.215509069012363
c920,green,665,23.101143,32.06214400000107,44,959.6114138115886,1099.0711824903224,14.96993805546078,17.145510446849027
c920,red,666,23.137824635,36.68163500000077,61,598.7109248980579,942.0838253859865,9.339890428409703,14.696507676021389
c920,green,666,23.137824635,36.68163500000077,37,916.7561168840331,1216.2635433275918,14.301395423390915,18.973711275910432
c920,red,667,23.169162373,31.337737999997728,60,597.0003563428412,940.3053748306517,9.313205558948322,14.668763847358164
c920,green,667,23.169162373,31.337737999997728,39,972.4684832991938,1263.6001750776154,15.170508339467423,19.712162731210796
c920,red,668,23.20791919,38.756816999999444,61,450.7164509180803,766.1900289187154,7.031176634322052,11.952564451131959
c920,green,668,23.20791919,38.756816999999444,27,865.8195122231825,1356.654390599643,13.506784390681647,21.163808493354427
c920,red,669,23.237469246,29.55005600000149,44,799.1867865587042,1070.0869038931323,12.467313870315785,16.693355700732862
c920,green,669,23.237469246,29.55005600000149,23,936.400394543965,1473.3363133274509,14.607846154885854,22.984046487908234
c920,red,670,23.269287557,31.818310999998545,66,632.0119072506466,972.495479300254,9.859385753110088,15.170929477083963
c920,green,670,23.269287557,31.818310999998545,22,1052.7166157653728,1387.8343997581237,16.422379205939816,21.65021663622673
c920,red,671,23.301069887,31.78233000000219,58,846.1530646742135,1153.94516134156,13.19998780891773,18.001544516928334
c920,green,671,23.301069887,31.78233000000219,28,1116.1166256121578,1536.9615375133308,17.41141935954966,23.976599985207958
c920,red,672,23.337151394,36.08150699999868,72,576.3275705142497,1055.6671527250785,8.990710100022294,16.468407582511222
c920,green,672,23.337151394,36.08150699999868,30,706.7902450703122,1223.6108753236883,11.025927823096868,19.088329655049538
c920,red,673,23.369273963999998,32.12256999999852,70,629.0144709430142,860.9415609803827,9.81262574671102,13.43068835129397
c920,green,673,23.369273963999998,32.12256999999852,31,1044.6795678863577,1235.682492392328,16.29700125902718,19.276646881320314
c920,red,674,23.403155956,33.881992000001304,64,634.1142791010711,785.7826213319937,9.892182753976709,12.258208892779102
c920,green,674,23.403155956,33.881992000001304,50,478.5602194530312,693.5113606482043,7.465539423467286,10.818777226111987
c920,red,675,23.437046301,33.890344999999655,72,599.4617418766327,765.8004901349261,9.35160317327547,11.946487646104847
c920,green,675,23.437046301,33.890344999999655,71,263.56701018166336,302.68875772524575,4.1116453588339485,4.721944620513833
c920,red,676,23.469041815,31.99551400000189,77,203.1203833556613,283.2932393026224,3.168677980348316,4.4193745331209096
c920,green,676,23.469041815,31.99551400000189,72,255.10222794781868,341.23360682254656,3.9795947559859712,5.323244266431726
c920,red,677,23.501045217999998,32.00340299999738,79,344.07421823875757,553.4891144725228,5.367557804524618,8.634430185771356
c920,green,677,23.501045217999998,32.00340299999738,66,454.646792471288,732.6975592384279,7.092489962552092,11.430081924119474
c920,red,678,23.569105333,68.06011500000153,74,254.53545037609,372.71042265047777,3.9707530258670043,5.814282593347453
c920,green,678,23.569105333,68.06011500000153,47,368.8694601536594,441.9629362005694,5.754363578397086,6.894621804728882
c920,red,679,23.601076829,31.9714960000006,75,276.7883370646905,391.60251966074276,4.317898058209171,6.108999306707587
c920,green,679,23.601076829,31.9714960000006,65,302.84601495187854,409.38699444761073,4.724397833249305,6.386437113382728
c920,red,680,23.633250435,32.17360600000063,78,217.4005324652474,293.58389302255057,3.3914483064578596,4.5799087311517885
c920,green,680,23.633250435,32.17360600000063,70,269.66901832952226,371.18433698235776,4.206836685940548,5.790475656924781
c920,red,681,23.701205215999998,67.95478099999741,79,102.89933508730454,123.3554355291638,1.6052296273619506,1.924344794254955
c920,green,681,23.701205215999998,67.95478099999741,55,269.5026653006643,415.90822354251384,4.204241578690363,6.488168287263216
c920,red,682,23.733162748999998,31.957532999999927,79,79.06112882704383,106.6048984532304,1.2333536097018838,1.663036415870394
c920,green,682,23.733162748999998,31.957532999999927,74,274.9236887949745,444.0897345173068,4.288809545201602,6.927799858469985
c920,red,683,23.801214049,68.05130000000048,79,50.8073406734525,67.72256526939101,0.7925945145058589,1.0564720182024998
c920,green,683,23.801214049,68.05130000000048,74,242.16955200507454,374.18077371531865,3.7778450112791626,5.8372200699589705
c920,red,684,23.833655433,32.44138400000196,79,51.596582248942106,75.20758741315277,0.8049066830834968,1.173238363645183
c920,green,684,23.833655433,32.44138400000196,76,253.76509143134132,381.9552406412405,3.958735426328924,5.958501754003351
c920,red,685,23.901138584999998,67.48315199999766,80,14.264432518017824,26.630443227459924,0.22252514728107803,0.4154349143483748
c920,green,685,23.901138584999998,67.48315199999766,68,204.58457649805308,332.10068334367173,3.191519393369628,5.180770660161278
c920,red,686,23.93318821,32.049625000002635,80,52.49188402750353,67.97872813675572,0.8188733908290551,1.060468158933389
c920,green,686,23.93318821,32.049625000002635,77,197.86028469860815,327.72456006253816,3.086620441298287,5.112503136975595
c920,red,687,23.969140051,35.95184099999926,80,14.9953389991546,30.394673979968623,0.23392728838681173,0.4741569140875105
c920,green,687,23.969140051,35.95184099999926,77,153.4265112507213,248.57592472136278,2.393453575511252,3.877784425653259
c920,red,688,24.001129788,31.989736999999963,80,13.844842544619649,23.347827165024093,0.21597954369606648,0.3642261037743758
c920,green,688,24.001129788,31.989736999999963,79,150.55516926264212,250.37511909062684,2.3486606404972172,3.9058518578137784
c920,red,689,24.065138206,64.00841800000023,79,12.109121755399476,17.80688784451323,0.1889022993842318,0.2777874503744064
c920,green,689,24.065138206,64.00841800000023,75,120.32750032065087,197.05542314236845,1.8771090050021535,3.0740646010209476
c920,red,690,24.101972563,36.83435700000004,80,9.835073655524795,18.396005599851666,0.1534271490261868,0.286977687357686
c920,green,690,24.101972563,36.83435700000004,74,96.43996035215895,153.48123196455782,1.5044633814936796,2.3943072186471017
c920,red,691,24.133163022999998,31.1904599999977,80,11.644779230067785,24.661035858978295,0.18165855598905745,0.38471215940006137
c920,green,691,24.133163022999998,31.1904599999977,76,87.48453478497171,157.62496309313306,1.364758742645559,2.458949424252876
c920,red,692,24.165300352,32.1373290000011,80,8.340186660456501,16.147269611368575,0.1301069119031214,0.25189740593734977
c920,green,692,24.165300352,32.1373290000011,71,75.25103369559409,120.75167446899609,1.1739161256512678,1.8837261217163388
c920,red,693,24.265156889,99.85653700000086,80,5.79392688283923,8.663799506993497,0.090385259372292,0.13515527230909855
c920,green,693,24.265156889,99.85653700000086,72,34.61561680825887,60.382380289008026,0.5400036222088384,0.9419651325085251
c920,red,694,24.301161988,36.005099000000484,80,14.691823875190526,21.102333361126643,0.2291924524529722,0.3291964004335757
c920,green,694,24.301161988,36.005099000000484,74,17.63358810267914,25.426942191326564,0.2750839744017946,0.39666029818469434
brio101,red,1,0.043004141999999995,32.298977,73,7.42777073510082,53.491126979261466,0.05942216588080656,0.4279290158340917
brio101,green,1,0.043004141999999995,32.298977,63,10.68666665815814,48.542723090645964,0.08549333326526512,0.3883417847251677
brio101,red,2,0.07884640899999999,35.842267,76,5.6799007213779795,36.48759142959032,0.04543920577102384,0.2919007314367225
brio101,green,2,0.07884640899999999,35.842267,64,9.352958403407044,43.99933791289577,0.07482366722725635,0.3519947033031662
brio101,red,3,0.110660775,31.81436600000001,75,6.400823286156321,35.928347062309044,0.051206586289250566,0.28742677649847237
brio101,green,3,0.110660775,31.81436600000001,73,7.348806943995292,47.50607052583599,0.05879045555196234,0.38004856420668787
brio101,red,4,0.143812362,33.151586999999985,74,6.219022082141078,36.1217988314405,0.049752176657128624,0.28897439065152397
brio101,green,4,0.143812362,33.151586999999985,77,7.667080953855233,46.85778413785945,0.061336647630841866,0.37486227310287557
brio101,red,5,0.178670038,34.857676000000005,75,5.636817002222459,43.887895865478846,0.04509453601777968,0.3511031669238308
brio101,green,5,0.178670038,34.857676000000005,73,8.032693080537188,36.00528982826121,0.06426154464429751,0.28804231862608964
brio101,red,6,0.21069421900000002,32.02418100000001,80,6.1890989190911645,45.325609762208316,0.04951279135272932,0.36260487809766656
brio101,green,6,0.21069421900000002,32.02418100000001,73,7.460543585775942,44.0545407029369,0.05968434868620753,0.3524363256234952
brio101,red,7,0.24703820700000004,36.343988000000024,79,5.602947419492093,28.636840618389776,0.04482357935593675,0.22909472494711824
brio101,green,7,0.24703820700000004,36.343988000000024,77,8.70309336481137,34.7096081469864,0.06962474691849095,0.2776768651758912
brio101,red,8,0.278720537,31.68232999999998,78,6.10565454247131,35.78064969547328,0.04884523633977048,0.28624519756378625
brio101,green,8,0.278720537,31.68232999999998,77,7.776376811349336,43.01025105374594,0.06221101449079469,0.3440820084299675
brio101,red,9,0.310904755,32.18421799999999,80,5.6344568510986495,43.835680768361414,0.045075654808789195,0.3506854461468913
brio101,green,9,0.310904755,32.18421799999999,73,7.469592942100966,33.338130464944925,0.059756743536807724,0.2667050437195594
brio101,red,10,0.35034719999999997,39.44244499999999,77,5.173696066771793,28.988390929072693,0.041389568534174345,0.23190712743258154
brio101,green,10,0.35034719999999997,39.44244499999999,76,6.373128568958517,31.331602835642144,0.050985028551668136,0.25065282268513717
brio101,red,11,0.378672332,28.325132000000032,76,7.513636462958328,37.96716685180181,0.06010909170366662,0.30373733481441445
brio101,green,11,0.378672332,28.325132000000032,72,7.965492939206866,56.732430492184996,0.06372394351365493,0.45385944393747996
brio101,red,12,0.410698643,32.02631099999997,79,6.789442999209508,38.80218651015096,0.054315543993676066,0.31041749208120767
brio101,green,12,0.410698643,32.02631099999997,75,7.891236422105112,37.70712396280596,0.0631298913768409,0.3016569917024477
brio101,red,13,0.446699631,36.000988000000014,77,5.652070408482831,32.881163239366444,0.04521656326786265,0.2630493059149316
brio101,green,13,0.446699631,36.000988000000014,76,7.067973629682316,28.449103635616005,0.05654378903745853,0.22759282908492803
brio101,red,14,0.47868938699999997,31.98975599999998,77,5.700670167734102,29.773778711356954,0.04560536134187282,0.23819022969085563
brio101,green,14,0.47868938699999997,31.98975599999998,75,10.258853661441618,42.48054380408863,0.08207082929153295,0.33984435043270905
brio101,red,15,0.5106823460000001,31.99295900000004,77,5.699966628717581,18.947109398144388,0.04559973302974065,0.1515768751851551
brio101,green,15,0.5106823460000001,31.99295900000004,75,7.564490321166515,36.133146375649204,0.06051592256933212,0.28906517100519363
brio101,red,16,0.5467541490000001,36.07180300000002,80,5.871130931256113,26.758517374774367,0.046969047450048915,0.21406813899819496
brio101,green,16,0.5467541490000001,36.07180300000002,78,6.691600351533159,26.542503131860386,0.05353280281226527,0.21234002505488309
brio101,red,17,0.578733793,31.979643999999972,78,7.39614002544482,28.029805291120876,0.059169120203558564,0.22423844232896703
brio101,green,17,0.578733793,31.979643999999972,70,8.238709135120564,40.74788374636725,0.06590967308096451,0.325983069970938
brio101,red,18,0.6117900460000001,33.056253000000034,79,5.5325747706428,31.927842883604665,0.0442605981651424,0.25542274306883733
brio101,green,18,0.6117900460000001,33.056253000000034,75,10.115396566688908,37.51960696404504,0.08092317253351126,0.30015685571236034
brio101,red,19,0.646691074,34.90102799999995,78,5.394861336396512,38.58060988389389,0.0431588906911721,0.3086448790711512
brio101,green,19,0.646691074,34.90102799999995,76,8.420152342149583,49.67450045676802,0.06736121873719667,0.3973960036541442
brio101,red,20,0.678700088,32.009014,78,5.83061600402065,20.773576336414777,0.04664492803216519,0.16618861069131824
brio101,green,20,0.678700088,32.009014,73,7.012930509822245,51.35739938392365,0.05610344407857796,0.4108591950713892
brio101,red,21,0.710703788,32.00369999999997,77,5.646609919985251,22.79336509872971,0.04517287935988201,0.18234692078983766
brio101,green,21,0.710703788,32.00369999999997,74,8.152861326509004,42.811269756149784,0.06522289061207204,0.34249015804919825
brio101,red,22,0.7467279800000001,36.02419200000006,80,5.064914747135027,30.842375912609864,0.04051931797708021,0.24673900730087892
brio101,green,22,0.7467279800000001,36.02419200000006,75,7.140729009025413,43.74751647625608,0.0571258320722033,0.34998013181004867
brio101,red,23,0.77869855,31.97056999999992,78,4.857955560664543,23.38802304219541,0.038863644485316345,0.1871041843375633
brio101,green,23,0.77869855,31.97056999999992,73,8.600861170399394,46.65524129574086,0.06880688936319515,0.37324193036592684
brio101,red,24,0.8147476690000001,36.049119000000076,78,4.803795423100066,19.34719488102179,0.038430363384800534,0.1547775590481743
brio101,green,24,0.8147476690000001,36.049119000000076,75,6.65734117090542,27.069882588464083,0.053258729367243365,0.21655906070771266
brio101,red,25,0.846715683,31.968013999999933,80,5.991665755257538,27.909694996362088,0.04793332604206031,0.2232775599708967
brio101,green,25,0.846715683,31.968013999999933,75,8.730830226310843,45.1258639508313,0.06984664181048675,0.36100691160665044
brio101,red,26,0.878701401,31.985718000000052,78,5.470587391942432,18.105359328912797,0.04376469913553946,0.14484287463130238
brio101,green,26,0.878701401,31.985718000000052,78,8.382707194687328,40.948719409822566,0.06706165755749861,0.32758975527858053
brio101,red,27,0.91512263,36.421229,80,5.653785299794179,35.406937523998124,0.04523028239835343,0.28325550019198503
brio101,green,27,0.91512263,36.421229,73,6.4129575336840485,44.59090342193956,0.05130366026947239,0.35672722737551643
brio101,red,28,0.946704812,31.58218199999996,79,6.411502999381862,19.390368208316744,0.0512920239950549,0.15512294566653392
brio101,green,28,0.946704812,31.58218199999996,75,9.049181822211628,27.321678169480723,0.07239345457769303,0.21857342535584579
brio101,red,29,0.978740697,32.035884999999986,80,6.124661668657289,52.50642953888324,0.04899729334925832,0.42005143631106595
brio101,green,29,0.978740697,32.035884999999986,79,9.502641313065606,35.46180876746279,0.07602113050452484,0.28369447013970234
brio101,red,30,1.0147363889999998,35.99569199999997,79,5.391868431654135,23.662188647934627,0.04313494745323308,0.18929750918347701
brio101,green,30,1.0147363889999998,35.99569199999997,77,7.727888920428299,38.45772203094097,0.06182311136342639,0.30766177624752783
brio101,red,31,1.046704866,31.968477000000163,80,5.956977585976226,24.185978891781733,0.04765582068780981,0.19348783113425388
brio101,green,31,1.046704866,31.968477000000163,75,6.869612213704306,40.81216428201377,0.054956897709634446,0.32649731425611017
brio101,red,32,1.078705511,32.000644999999885,79,6.1174084276790905,37.57221536133656,0.048939267421432724,0.3005777228906925
brio101,green,32,1.078705511,32.000644999999885,71,8.768819958302341,61.36635434656877,0.07015055966641873,0.4909308347725502
brio101,red,33,1.114820425,36.11491400000011,79,4.604344040103625,38.042050199275934,0.036834752320829,0.3043364015942075
brio101,green,33,1.114820425,36.11491400000011,68,7.62188684636655,26.417935447266967,0.060975094770932395,0.21134348357813573
brio101,red,34,1.1467189949999999,31.89856999999985,80,5.311848502799963,22.96857488926274,0.04249478802239971,0.18374859911410193
brio101,green,34,1.1467189949999999,31.89856999999985,69,7.339971119507041,33.494209674975906,0.05871976895605633,0.26795367739980724
brio101,red,35,1.1787742319999999,32.05523700000001,80,5.350099857769903,34.998958746015184,0.042800798862159234,0.27999166996812147
brio101,green,35,1.1787742319999999,32.05523700000001,73,8.817181804354652,31.392454130138226,0.07053745443483722,0.2511396330411058
brio101,red,36,1.2147168309999998,35.942598999999966,79,5.639515590591454,22.407618651339206,0.045116124724731636,0.17926094921071364
brio101,green,36,1.2147168309999998,35.942598999999966,78,6.571240322263212,31.62380747680533,0.05256992257810569,0.2529904598144426
brio101,red,37,1.2467205129999999,32.00368200000003,79,5.652831948052578,26.683460638304894,0.045222655584420623,0.21346768510643915
brio101,green,37,1.2467205129999999,32.00368200000003,76,7.498474827969286,39.2037912673604,0.05998779862375429,0.3136303301388832
brio101,red,38,1.27876649,32.045977000000114,80,5.1559469842879775,25.858253219313205,0.04124757587430382,0.20686602575450566
brio101,green,38,1.27876649,32.045977000000114,77,9.163258949979214,35.15845716620329,0.07330607159983371,0.28126765732962633
brio101,red,39,1.314735682,35.969192000000035,79,4.527965396113071,19.314787723818927,0.03622372316890457,0.15451830179055143
brio101,green,39,1.314735682,35.969192000000035,77,6.047994902530928,25.258090197233827,0.04838395922024743,0.20206472157787062
brio101,red,40,1.3467441409999998,32.008458999999824,80,5.193237222565156,22.02885766763736,0.04154589778052126,0.1762308613410989
brio101,green,40,1.3467441409999998,32.008458999999824,74,8.463835626236559,38.99959281589672,0.06771068500989247,0.3119967425271738
brio101,red,41,1.382777556,36.033415000000126,78,6.025284565711991,30.494539179096506,0.04820227652569593,0.24395631343277205
brio101,green,41,1.382777556,36.033415000000126,78,5.531241794891778,25.73888750693829,0.04424993435913423,0.20591110005550634
brio101,red,42,1.415028162,32.25060600000007,79,6.738253460257678,28.950272355923655,0.05390602768206142,0.23160217884738923
brio101,green,42,1.415028162,32.25060600000007,76,6.465353849189562,28.0012794656725,0.05172283079351649,0.22401023572538
brio101,red,43,1.4468783809999999,31.850218999999846,79,5.934269286989269,16.53276528053543,0.04747415429591415,0.13226212224428344
brio101,green,43,1.4468783809999999,31.850218999999846,77,7.57448106447323,33.464263531399375,0.06059584851578584,0.267714108251195
brio101,red,44,1.4838243489999998,36.94596799999994,79,5.874940107961996,21.854823827035595,0.04699952086369597,0.17483859061628476
brio101,green,44,1.4838243489999998,36.94596799999994,78,6.718713478207357,25.796286238792483,0.053749707825658855,0.20637028991033987
brio101,red,45,1.51478644,30.962091000000136,79,5.667483365271324,21.992050825880636,0.045339866922170596,0.17593640660704507
brio101,green,45,1.51478644,30.962091000000136,77,8.259306388566301,32.31659806139442,0.06607445110853041,0.2585327844911554
brio101,red,46,1.546820973,32.03453300000003,80,5.638088612571721,22.783252533397217,0.04510470890057376,0.18226602026717773
brio101,green,46,1.546820973,32.03453300000003,78,6.7992744216237035,36.03353916773055,0.05439419537298963,0.28826831334184444
brio101,red,47,1.584210199,37.389225999999944,80,5.2920297058272965,15.744700098759907,0.04233623764661837,0.12595760079007925
brio101,green,47,1.584210199,37.389225999999944,77,7.3700793839336765,31.429954597380547,0.05896063507146941,0.25143963677904435
brio101,red,48,1.6148498089999999,30.639609999999927,80,5.288601731343904,12.127589223695626,0.04230881385075124,0.097020713789565
brio101,green,48,1.6148498089999999,30.639609999999927,76,6.3338251180006555,43.09551150824994,0.050670600944005245,0.34476409206599956
brio101,red,49,1.646808527,31.958718000000054,80,6.485192146302813,28.32596097285106,0.05188153717042251,0.22660768778280846
brio101,green,49,1.646808527,31.958718000000054,78,9.400141154656124,54.02818499303461,0.075201129237249,0.4322254799442769
brio101,red,50,1.683158645,36.350118000000094,80,5.328980815488097,21.061925359795303,0.04263184652390478,0.16849540287836243
brio101,green,50,1.683158645,36.350118000000094,78,6.405154429066175,32.96289049431584,0.0512412354325294,0.2637031239545268
brio101,red,51,1.7147961779999998,31.637532999999827,80,5.229224187085964,28.319957280926083,0.04183379349668771,0.22655965824740865
brio101,green,51,1.7147961779999998,31.637532999999827,77,6.904931985715897,29.278085064813485,0.05523945588572718,0.23422468051850787
brio101,red,52,1.7472641359999999,32.46795800000002,79,5.276297100524838,16.265209284300624,0.0422103768041987,0.130121674274405
brio101,green,52,1.7472641359999999,32.46795800000002,78,6.852825293226884,41.527675417224536,0.05482260234581507,0.3322214033377963
brio101,red,53,1.783558754,36.29461800000011,80,5.087619918271404,15.53910870739959,0.04070095934617123,0.12431286965919673
brio101,green,53,1.783558754,36.29461800000011,79,7.578104637500468,29.59759951286379,0.06062483710000375,0.23678079610291033
brio101,red,54,1.814780677,31.22192299999993,78,6.629186090405515,14.566416875286867,0.05303348872324412,0.11653133500229494
brio101,green,54,1.814780677,31.22192299999993,78,6.5528367024254095,20.32965513506163,0.052422693619403285,0.16263724108049304
brio101,red,55,1.846805396,32.02471900000003,80,5.674278030691736,41.55013073280039,0.045394224245533896,0.3324010458624031
brio101,green,55,1.846805396,32.02471900000003,78,7.204545633770102,36.212342910162654,0.05763636507016082,0.28969874328130124
brio101,red,56,1.8839626409999999,37.157244999999946,80,4.765789382768171,20.505056821520622,0.038126315062145366,0.16404045457216498
brio101,green,56,1.8839626409999999,37.157244999999946,78,5.9504737721057,31.12846628454726,0.0476037901768456,0.24902773027637812
brio101,red,57,1.914884176,30.921535000000056,80,5.5122742330604915,18.459684645766476,0.04409819386448394,0.1476774771661318
brio101,green,57,1.914884176,30.921535000000056,76,8.676940754011182,32.787964519756954,0.06941552603208946,0.26230371615805564
brio101,red,58,1.9521552919999998,37.27111599999988,79,5.087820967023204,24.028970866486354,0.040702567736185635,0.19223176693189084
brio101,green,58,1.9521552919999998,37.27111599999988,77,6.048624644537714,22.648801370697203,0.04838899715630171,0.18119041096557764
brio101,red,59,1.9829856419999998,30.830350000000006,79,5.816181159926834,18.33590481587865,0.04652944927941467,0.14668723852702922
brio101,green,59,1.9829856419999998,30.830350000000006,78,7.04476786465003,31.71114107905796,0.05635814291720024,0.2536891286324637
brio101,red,60,2.014835324,31.849682000000044,80,5.382729322834563,23.391510408135375,0.043061834582676504,0.187132083265083
brio101,green,60,2.014835324,31.849682000000044,78,8.863270750967871,29.691594243063857,0.07090616600774298,0.23753275394451087
brio101,red,61,2.051800625,36.965300999999954,80,4.734456112064764,21.3459078406,0.03787564889651812,0.17076726272479997
brio101,green,61,2.051800625,36.965300999999954,79,5.0794164137946805,20.252713073875483,0.040635331310357445,0.1620217045910039
brio101,red,62,2.082916567,31.115942000000008,80,5.961564424825539,26.21933363073467,0.04769251539860431,0.20975466904587736
brio101,green,62,2.082916567,31.115942000000008,79,9.519291646607261,31.19073447498226,0.0761543331728581,0.2495258757998581
brio101,red,63,2.114968267,32.05170000000024,79,5.753713861795649,22.49039545691747,0.046029710894365194,0.17992316365533975
brio101,green,63,2.114968267,32.05170000000024,80,7.713478413156855,21.27281443469809,0.06170782730525484,0.17018251547758473
brio101,red,64,2.15091033,35.942062999999806,80,4.5024015971046065,15.647363832395413,0.036019212776836854,0.1251789106591633
brio101,green,64,2.15091033,35.942062999999806,79,7.24729312494887,33.3382071190951,0.05797834499959096,0.26670565695276083
brio101,red,65,2.183735435,32.825105000000136,79,4.8578215148501585,19.899236970682356,0.038862572118801265,0.15919389576545884
brio101,green,65,2.183735435,32.825105000000136,78,7.3828974079156,26.67584314337924,0.05906317926332479,0.21340674514703392
brio101,red,66,2.214829303,31.093868000000136,79,5.786494297413485,19.71013313068848,0.04629195437930788,0.15768106504550783
brio101,green,66,2.214829303,31.093868000000136,78,7.1959172343552265,39.21442784395435,0.05756733787484181,0.31371542275163483
brio101,red,67,2.250855569,36.02626599999992,79,4.8407823786731194,16.447481249204134,0.03872625902938496,0.1315798499936331
brio101,green,67,2.250855569,36.02626599999992,76,6.138958012974923,22.14863175476988,0.049111664103799385,0.17718905403815904
brio101,red,68,2.284194841,33.339272000000086,78,7.400037106770441,24.70761278499069,0.05920029685416353,0.19766090227992553
brio101,green,68,2.284194841,33.339272000000086,75,7.340314867185931,24.18129507831051,0.05872251893748745,0.19345036062648407
brio101,red,69,2.31483521,30.64036899999989,78,6.360713584034466,32.993306673872475,0.05088570867227572,0.26394645339097983
brio101,green,69,2.31483521,30.64036899999989,78,7.247370903342194,37.33202191300583,0.05797896722673756,0.29865617530404664
brio101,red,70,2.351249234,36.414023999999934,79,4.820597801596182,17.649935301686885,0.038564782412769456,0.1411994824134951
brio101,green,70,2.351249234,36.414023999999934,78,6.700560544934025,38.569268012247335,0.0536044843594722,0.3085541440979787
brio101,red,71,2.384467284,33.21804999999989,77,5.694979864967294,17.373089105044425,0.04555983891973835,0.1389847128403554
brio101,green,71,2.384467284,33.21804999999989,79,6.365800681687185,45.47123389454633,0.050926405453497484,0.36376987115637066
brio101,red,72,2.414873542,30.406258000000186,79,5.585041670928983,38.74074510599116,0.044680333367431865,0.3099259608479292
brio101,green,72,2.414873542,30.406258000000186,76,7.066405540565219,40.58036689107593,0.05653124432452176,0.3246429351286075
brio101,red,73,2.4526203239999997,37.7467819999997,78,5.413314630714751,18.814351457106174,0.043306517045718015,0.1505148116568494
brio101,green,73,2.4526203239999997,37.7467819999997,76,5.578090982540296,30.73023038649587,0.044624727860322365,0.24584184309196697
brio101,red,74,2.484349746,31.729422000000174,80,5.764143094025474,17.66879525313582,0.046113144752203794,0.14135036202508658
brio101,green,74,2.484349746,31.729422000000174,78,7.475198732841882,50.90926814362051,0.05980158986273505,0.4072741451489641
brio101,red,75,2.518988459,34.638713000000095,79,5.996668767058825,20.19154030182216,0.047973350136470604,0.1615323224145773
brio101,green,75,2.518988459,34.638713000000095,74,7.713972010964676,27.384092494588515,0.06171177608771741,0.21907273995670812
brio101,red,76,2.550821715,31.833256000000087,80,5.665045677623244,34.57217220313056,0.045320365420985956,0.27657737762504453
brio101,green,76,2.550821715,31.833256000000087,77,8.526699591623721,51.70905469357822,0.06821359673298977,0.41367243754862576
brio101,red,77,2.582910729,32.089013999999864,79,5.119981097496088,18.806985337925063,0.0409598487799687,0.15045588270340052
brio101,green,77,2.582910729,32.089013999999864,76,6.051467083242578,46.35381827140349,0.04841173666594062,0.3708305461712279
brio101,red,78,2.618867625,35.95689600000007,79,4.255329871213078,16.3868403675498,0.03404263896970463,0.1310947229403984
brio101,green,78,2.618867625,35.95689600000007,76,6.434557221023876,53.311705615754164,0.051476457768191014,0.42649364492603337
brio101,red,79,2.650842677,31.97505199999995,80,5.321919704526092,21.833687120938055,0.04257535763620874,0.17466949696750445
brio101,green,79,2.650842677,31.97505199999995,77,8.536770866818273,54.329853878895975,0.06829416693454618,0.4346388310311678
brio101,red,80,2.684706392,33.86371499999985,78,5.378487000015946,20.888516285995475,0.043027896000127575,0.1671081302879638
brio101,green,80,2.684706392,33.86371499999985,76,5.380066978975799,38.291200551936704,0.0430405358318064,0.3063296044154936
brio101,red,81,2.718877143,34.170750999999996,80,5.097882467050423,27.393537757244005,0.04078305973640338,0.21914830205795205
brio101,green,81,2.718877143,34.170750999999996,75,4.881514527961198,40.33770430115821,0.03905211622368958,0.32270163440926575
brio101,red,82,2.750978287,32.1011440000003,79,4.574354167098007,17.95481884115065,0.03659483333678406,0.1436385507292052
brio101,green,82,2.750978287,32.1011440000003,73,7.192127013474953,56.98375722867989,0.05753701610779963,0.4558700578294392
brio101,red,83,2.782923283,31.944996000000003,80,5.63883414276016,15.26796588770437,0.04511067314208128,0.12214372710163497
brio101,green,83,2.782923283,31.944996000000003,77,8.550257344456488,51.2029751063169,0.0684020587556519,0.40962380085053524
brio101,red,84,2.818799216,35.875932999999804,80,4.919936420828448,12.418156730803181,0.039359491366627586,0.09934525384642545
brio101,green,84,2.818799216,35.875932999999804,75,7.666848120426701,36.81758496889833,0.06133478496341361,0.29454067975118664
brio101,red,85,2.85087899,32.07977400000006,80,6.6524223034595815,19.205473143556073,0.053219378427676656,0.15364378514844856
brio101,green,85,2.85087899,32.07977400000006,78,6.876661004577976,59.08773629923025,0.05501328803662381,0.4727018903938421
brio101,red,86,2.882867078,31.98808799999986,80,4.814782130449171,15.47567584194213,0.038518257043593365,0.12380540673553703
brio101,green,86,2.882867078,31.98808799999986,75,5.8576131235136755,51.26599676048665,0.0468609049881094,0.4101279740838932
brio101,red,87,2.9187930669999997,35.92598899999988,80,4.680011927422083,17.2619418139459,0.037440095419376665,0.13809553451156723
brio101,green,87,2.9187930669999997,35.92598899999988,78,5.998303565504772,39.66473584458892,0.04798642852403817,0.3173178867567113
brio101,red,88,2.950909822,32.11675500000011,79,4.93189677045525,16.836542832336704,0.039455174163642,0.13469234265869365
brio101,green,88,2.950909822,32.11675500000011,79,8.86592241479373,41.02157126587452,0.07092737931834983,0.3281725701269962
brio101,red,89,2.9843644449999998,33.454622999999906,80,5.356256539662274,22.097524687713292,0.04285005231729819,0.17678019750170634
brio101,green,89,2.9843644449999998,33.454622999999906,73,6.393567603286046,31.318664665956646,0.05114854082628837,0.2505493173276532
brio101,red,90,3.020214897,35.85045200000003,80,5.064293966700831,18.547800330252098,0.04051435173360665,0.1483824026420168
brio101,green,90,3.020214897,35.85045200000003,76,5.933796336057831,35.59908840606313,0.047470370688462646,0.2847927072485051
brio101,red,91,3.050823877,30.60898000000023,79,4.984290207434726,17.785810220394172,0.03987432165947781,0.1422864817631534
brio101,green,91,3.050823877,30.60898000000023,77,7.942036397997489,36.28374987570622,0.06353629118397991,0.29026999900564976
brio101,red,92,3.086867513,36.04363600000005,79,4.865388240480315,12.20738613738853,0.03892310592384252,0.09765908909910824
brio101,green,92,3.086867513,36.04363600000005,76,6.9761473619317815,36.62849448991062,0.05580917889545425,0.293027955919285
brio101,red,93,3.118838398,31.970884999999782,78,5.921545102074627,17.63333426760674,0.047372360816597014,0.14106667414085394
brio101,green,93,3.118838398,31.970884999999782,73,8.351503297491977,30.57819665527037,0.06681202637993582,0.244625573242163
brio101,red,94,3.150906876,32.06847800000023,80,5.425643818253857,13.320915415640341,0.04340515054603085,0.10656732332512274
brio101,green,94,3.150906876,32.06847800000023,80,8.516182471437645,22.510190114853955,0.06812945977150116,0.18008152091883164
brio101,red,95,3.186807235,35.90035899999977,80,4.929179642634546,17.273121798885306,0.03943343714107636,0.13818497439108246
brio101,green,95,3.186807235,35.90035899999977,77,6.972592601597676,53.575746672522435,0.055780740812781414,0.4286059733801795
brio101,red,96,3.218814786,32.007550999999964,80,5.642754994490051,18.507519736983966,0.04514203995592041,0.14806015789587174
brio101,green,96,3.218814786,32.007550999999964,76,8.181241970979977,38.64699361675158,0.06544993576783982,0.3091759489340127
brio101,red,97,3.251508355,32.69356900000009,78,4.6357538824699445,14.608305075533442,0.03708603105975956,0.11686644060426754
brio101,green,97,3.251508355,32.69356900000009,76,7.984994147402675,37.04068572432746,0.0638799531792214,0.2963254857946197
brio101,red,98,3.286820104,35.31174899999989,79,4.800380851756836,19.355403914683972,0.03840304681405469,0.15484323131747177
brio101,green,98,3.286820104,35.31174899999989,76,6.082921059619327,23.593133046099766,0.04866336847695461,0.18874506436879812
brio101,red,99,3.318821248,32.001144000000096,80,5.082013430121808,19.450122035985657,0.04065610744097447,0.15560097628788525
brio101,green,99,3.318821248,32.001144000000096,77,7.794350252113345,45.47614226949631,0.06235480201690676,0.3638091381559705
brio101,red,100,3.350868429,32.04718100000026,80,4.826360287087088,25.563403982806395,0.03861088229669671,0.20450723186245118
brio101,green,100,3.350868429,32.04718100000026,79,7.1742051097939035,29.45188754848973,0.05739364087835123,0.23561510038791783
brio101,red,101,3.386826196,35.95776699999975,80,4.1108947485631955,10.218369132444549,0.03288715798850557,0.08174695305955638
brio101,green,101,3.386826196,35.95776699999975,76,5.647769248275493,29.374098878376465,0.04518215398620394,0.23499279102701173
brio101,red,102,3.418841451,32.01525500000013,80,5.077841032274188,12.689905564937844,0.040622728258193505,0.10151924451950275
brio101,green,102,3.418841451,32.01525500000013,78,7.256314917851785,30.48822330114245,0.058050519342814286,0.24390578640913962
brio101,red,103,3.451895426,33.053975000000065,80,5.418827972708752,14.128162745168842,0.04335062378167002,0.11302530196135073
brio101,green,103,3.451895426,33.053975000000065,79,5.555895464326715,28.906602230088733,0.04444716371461372,0.23125281784070986
brio101,red,104,3.486829084,34.93365799999992,80,4.930319774572331,14.86434192820926,0.039442558196578645,0.11891473542567409
brio101,green,104,3.486829084,34.93365799999992,78,7.153604561894148,23.530801218662983,0.05722883649515319,0.18824640974930387
brio101,red,105,3.518831228,32.00214399999979,79,4.821674974560131,21.071218352357096,0.03857339979648105,0.16856974681885675
brio101,green,105,3.518831228,32.00214399999979,76,6.161755577589595,28.00036673918968,0.049294044620716765,0.22400293391351744
brio101,red,106,3.550864094,32.03286600000021,80,4.845810125804435,19.20873248035622,0.03876648100643548,0.15366985984284975
brio101,green,106,3.550864094,32.03286600000021,76,6.65263494795262,27.17993274248633,0.05322107958362097,0.21743946193989067
brio101,red,107,3.586854157,35.99006299999985,79,4.4335225466349115,15.635963972483742,0.03546818037307929,0.12508771177986994
brio101,green,107,3.586854157,35.99006299999985,79,7.429182338544504,50.21118586964717,0.059433458708356035,0.4016894869571773
brio101,red,108,3.61890293,32.04877300000008,80,6.566383197386389,20.740693249005734,0.05253106557909111,0.16592554599204587
brio101,green,108,3.61890293,32.04877300000008,77,7.033421117094881,42.19840994814173,0.05626736893675905,0.33758727958513385
brio101,red,109,3.654841771,35.93884100000011,78,4.7437017938331,18.687677662712552,0.03794961435066481,0.14950142130170044
brio101,green,109,3.654841771,35.93884100000011,78,5.645953383161382,31.664947681547932,0.04516762706529106,0.2533195814523834
brio101,red,110,3.686867489,32.02571799999987,79,5.056267422899676,16.92516080889495,0.04045013938319741,0.1354012864711596
brio101,green,110,3.686867489,32.02571799999987,76,7.332259089929576,32.42874951469676,0.05865807271943661,0.2594299961175741
brio101,red,111,3.718875244,32.007754999999975,80,4.997889026841637,14.57627071129861,0.0399831122147331,0.11661016569038889
brio101,green,111,3.718875244,32.007754999999975,79,9.1125347987701,35.77403565643103,0.0729002783901608,0.2861922852514483
brio101,red,112,3.7548642329999997,35.988988999999805,80,5.331601545135778,12.577727019200188,0.04265281236108623,0.10062181615360151
brio101,green,112,3.7548642329999997,35.988988999999805,77,5.84258202489529,25.31727343912477,0.046740656199162324,0.20253818751299818
brio101,red,113,3.786841618,31.977385000000247,80,4.740735197456658,18.430220201622546,0.037925881579653264,0.14744176161298037
brio101,green,113,3.786841618,31.977385000000247,76,7.096226543925781,37.48170633366228,0.05676981235140624,0.29985365066929826
brio101,red,114,3.818839262,31.997644000000047,79,5.631943129289606,26.875200216837897,0.04505554503431685,0.21500160173470317
brio101,green,114,3.818839262,31.997644000000047,79,7.504217165699067,25.983097558086364,0.060033737325592536,0.20786478046469092
brio101,red,115,3.854874547,36.03528500000009,80,4.589039874509192,20.64812117760006,0.03671231899607354,0.1651849694208005
brio101,green,115,3.854874547,36.03528500000009,80,5.230418478763193,22.45644124740888,0.04184334783010554,0.17965152997927103
brio101,red,116,3.8868619129999997,31.98736599999963,80,5.784040560482918,13.272306244696194,0.04627232448386334,0.10617844995756956
brio101,green,116,3.8868619129999997,31.98736599999963,79,6.480809020398684,40.8358559719515,0.05184647216318947,0.326686847775612
brio101,red,117,3.918888557,32.026644000000104,80,5.76945019366063,20.09573755613077,0.04615560154928504,0.16076590044904615
brio101,green,117,3.918888557,32.026644000000104,78,6.185368490932003,26.903556607153988,0.04948294792745603,0.2152284528572319
brio101,red,118,3.954867101,35.97854400000023,80,5.053145621859077,16.908754281547694,0.04042516497487261,0.13527003425238157
brio101,green,118,3.954867101,35.97854400000023,80,6.934850109657329,27.334220593521934,0.055478800877258636,0.2186737647481755
brio101,red,119,3.986847727,31.980625999999734,80,33.57992860817446,63.554628048763995,0.2686394288653957,0.5084370243901121
brio101,green,119,3.986847727,31.980625999999734,76,140.30269949878738,186.03080468833434,1.122421595990299,1.4882464375066746
brio101,red,120,4.018858093,32.010366000000175,78,364.9159706649854,637.7563562389435,2.9193277653198835,5.102050849911548
brio101,green,120,4.018858093,32.010366000000175,74,455.6274513100909,681.5114175911009,3.6450196104807278,5.452091340728807
brio101,red,121,4.054879952,36.02185899999988,75,783.1279986336604,1013.488796446562,6.265023989069283,8.107910371572496
brio101,green,121,4.054879952,36.02185899999988,62,630.3842014006094,937.9014001514586,5.043073611204875,7.503211201211669
brio101,red,122,4.0868559300000005,31.975978000000183,66,1393.4696849917798,1744.7184243261781,11.147757479934238,13.957747394609425
brio101,green,122,4.0868559300000005,31.975978000000183,47,1361.3904086317787,1812.0487885369919,10.89112326905423,14.496390308295936
brio101,red,123,4.118847185000001,31.99125500000033,61,1780.5421408760305,2129.7487252692727,14.244337127008246,17.037989802154183
brio101,green,123,4.118847185000001,31.99125500000033,44,1267.0517432329425,1910.5248836421908,10.13641394586354,15.284199069137525
brio101,red,124,4.154907322000001,36.06013699999977,53,1559.2694286647609,1931.1571627005706,12.474155429318087,15.449257301604566
brio101,green,124,4.154907322000001,36.06013699999977,46,1091.6351126337058,1449.605657432373,8.733080901069647,11.596845259458984
brio101,red,125,4.186866058000001,31.958735999999988,47,1750.338641837831,2186.5663502748316,14.002709134702647,17.49253080219865
brio101,green,125,4.186866058000001,31.958735999999988,38,919.6418682712683,1155.6197957408153,7.357134946170147,9.244958365926523
brio101,red,126,4.223108435,36.24237699999977,47,1334.8753051472538,1785.0566347883387,10.679002441178032,14.280453078306708
brio101,green,126,4.223108435,36.24237699999977,44,718.913690111053,838.976265545276,5.751309520888425,6.7118101243622075
brio101,red,127,4.254901673,31.79323799999967,48,1569.254349878062,2016.3198684515507,12.554034799024496,16.130558947612407
brio101,green,127,4.254901673,31.79323799999967,46,748.6844962666363,865.4953939934351,5.989475970133091,6.923963151947481
brio101,red,128,4.286894483,31.992810000000205,48,1527.65322636818,2011.9610277226352,12.221225810945441,16.09568822178108
brio101,green,128,4.286894483,31.992810000000205,46,778.4097686315172,958.819605104715,6.227278149052138,7.670556840837721
brio101,red,129,4.324311136,37.41665300000019,58,1159.9144925509647,1494.997606036236,9.279315940407718,11.959980848289888
brio101,green,129,4.324311136,37.41665300000019,56,621.5520958617462,750.588384101487,4.9724167668939705,6.004707072811896
brio101,red,130,4.355113449,30.802312999999693,47,1348.5114102312687,1923.6697299496689,10.78809128185015,15.38935783959735
brio101,green,130,4.355113449,30.802312999999693,48,735.6993233414395,933.1688328299156,5.885594586731516,7.465350662639325
brio101,red,131,4.386863612,31.750162999999887,53,1142.2141824180846,1768.2825208458191,9.137713459344678,14.146260166766554
brio101,green,131,4.386863612,31.750162999999887,56,720.2073098292417,832.8997621703365,5.761658478633933,6.663198097362692
brio101,red,132,4.423008211,36.144599,58,1073.2323462515471,1548.5642724606987,8.585858770012377,12.38851417968559
brio101,green,132,4.423008211,36.144599,60,591.8303289786264,710.1183767255119,4.734642631829011,5.680947013804095
brio101,red,133,4.454888745000001,31.880534000000793,59,1129.3543132799862,1679.9405812684915,9.03483450623989,13.439524650147932
brio101,green,133,4.454888745000001,31.880534000000793,52,700.6412840524662,822.1146087550914,5.605130272419729,6.576916870040731
brio101,red,134,4.486866741,31.977995999999287,60,1235.884485390987,1773.0545588467364,9.887075883127896,14.184436470773893
brio101,green,134,4.486866741,31.977995999999287,47,684.416468814551,794.4789498301711,5.475331750516408,6.35583159864137
brio101,red,135,4.522912951,36.0462100000003,60,1041.0921929853964,1624.1712520441567,8.328737543883172,12.993370016353255
brio101,green,135,4.522912951,36.0462100000003,49,559.9908042162441,703.7098963633291,4.479926433729953,5.629679170906633
brio101,red,136,4.554879707,31.966756000000096,61,1261.6801575392008,1774.6372236718164,10.093441260313606,14.197097789374531
brio101,green,136,4.554879707,31.966756000000096,39,524.7603513210559,880.852658866035,4.1980828105684465,7.046821270928279
brio101,red,137,4.586910832,32.031124999999605,55,1264.0633897282246,1930.4605197334101,10.112507117825796,15.443684157867281
brio101,green,137,4.586910832,32.031124999999605,47,568.7241307880939,746.8437319529303,4.549793046304751,5.9747498556234415
brio101,red,138,4.622938099000001,36.027267000000585,67,1036.0581474869764,1570.2960885847826,8.28846517989581,12.56236870867826
brio101,green,138,4.622938099000001,36.027267000000585,43,552.2400559896055,684.3303799706622,4.417920447916844,5.474643039765298
brio101,red,139,4.654879335,31.941235999999762,54,1165.5756151527685,1722.7169346680205,9.324604921222146,13.781735477344165
brio101,green,139,4.654879335,31.941235999999762,47,660.6810646583498,817.7261986160662,5.285448517266798,6.54180958892853
brio101,red,140,4.6868792390000005,31.99990400000008,59,1287.3474701529715,1782.184401084094,10.298779761223772,14.257475208672751
brio101,green,140,4.6868792390000005,31.99990400000008,47,659.3028957514917,782.4400218228166,5.2744231660119345,6.259520174582532
brio101,red,141,4.723002672000001,36.123433000000205,60,1091.6748864036347,1524.8780263115132,8.733399091229078,12.199024210492107
brio101,green,141,4.723002672000001,36.123433000000205,50,546.5625797128353,696.1155638248518,4.372500637702682,5.568924510598815
brio101,red,142,4.754902131000001,31.899458999999908,62,1317.7020005804643,1803.366476736027,10.541616004643714,14.426931813888217
brio101,green,142,4.754902131000001,31.899458999999908,27,685.1725742976937,755.3380865406124,5.48138059438155,6.042704692324899
brio101,red,143,4.790888582,35.98645099999942,58,1279.2197875489892,1716.137518522828,10.233758300391914,13.729100148182626
brio101,green,143,4.790888582,35.98645099999942,26,719.7572209742575,1321.90868485975,5.75805776779406,10.575269478878
brio101,red,144,4.822976023000001,32.087441000000716,58,1373.1370220600447,1849.0542482234011,10.985096176480358,14.792433985787211
brio101,green,144,4.822976023000001,32.087441000000716,26,730.7891960421969,1566.6570567085068,5.846313568337575,12.533256453668054
brio101,red,145,4.8549142960000005,31.93827299999974,52,1122.4354325809668,1933.898013573642,8.979483460647733,15.471184108589135
brio101,green,145,4.8549142960000005,31.93827299999974,23,810.8273288682618,1566.075966020597,6.4866186309460945,12.528607728164776
brio101,red,146,4.890890526000001,35.976230000000164,53,1085.158057149146,1551.9115516673646,8.68126445719317,12.415292413338918
brio101,green,146,4.890890526000001,35.976230000000164,34,858.2824595389341,1333.5109790223853,6.866259676311472,10.668087832179083
brio101,red,147,4.922939577,32.04905099999955,48,1263.176720673602,2001.6026430962604,10.105413765388816,16.012821144770083
brio101,green,147,4.922939577,32.04905099999955,31,1168.3492766968034,1840.9712213807852,9.346794213574427,14.727769771046281
brio101,red,148,4.954890333000001,31.950756000000524,55,985.0590036608519,1798.2231955155282,7.880472029286815,14.385785564124227
brio101,green,148,4.954890333000001,31.950756000000524,32,760.6691611575222,1447.2204887805199,6.085353289260178,11.57776391024416
brio101,red,149,4.990977858,36.08752499999923,49,903.9103078535597,1542.1697896248293,7.231282462828478,12.337358316998635
brio101,green,149,4.990977858,36.08752499999923,43,1241.2971189009327,1599.243011148492,9.930376951207462,12.793944089187937
brio101,red,150,5.023001909,32.0240510000005,49,857.6154530368674,1736.8854609376588,6.860923624294939,13.895083687501272
brio101,green,150,5.023001909,32.0240510000005,41,1135.6710999474765,1598.1992864671176,9.085368799579811,12.785594291736942
brio101,red,151,5.054911183000001,31.90927400000021,54,833.417202733772,1596.0940198882065,6.667337621870176,12.768752159105654
brio101,green,151,5.054911183000001,31.90927400000021,37,841.1839083939161,1743.4431143252507,6.729471267151329,13.947544914602007
brio101,red,152,5.090913265,36.00208199999955,55,485.1565572370021,1118.5735382387272,3.881252457896017,8.94858830590982
brio101,green,152,5.090913265,36.00208199999955,41,1043.7490468089761,1309.2038159511935,8.349992374471809,10.473630527609549
brio101,red,153,5.123262075,32.34881000000023,46,436.4484664553299,906.1059836012055,3.491587731642639,7.248847868809644
brio101,green,153,5.123262075,32.34881000000023,41,1245.6566298716089,1754.7610185239837,9.965253038972872,14.03808814819187
brio101,red,154,5.154962738,31.70066299999963,50,665.7390681372408,1169.6689378841863,5.325912545097926,9.35735150307349
brio101,green,154,5.154962738,31.70066299999963,43,1288.6126251396292,1727.8716304776808,10.308901001117034,13.822973043821447
brio101,red,155,5.19095506,35.99232200000024,46,531.6507923988261,992.7369681865918,4.2532063391906085,7.941895745492734
brio101,green,155,5.19095506,35.99232200000024,46,1287.48251152082,1689.1219858278714,10.299860092166561,13.512975886622971
brio101,red,156,5.222978,32.022940000000055,45,565.4605728467097,1040.243267825263,4.523684582773678,8.321946142602105
brio101,green,156,5.222978,32.022940000000055,53,1316.879787284304,1706.40291154575,10.535038298274433,13.651223292365998
brio101,red,157,5.255555865000001,32.57786500000037,42,724.931586250894,1125.4481550223459,5.799452690007153,9.003585240178769
brio101,green,157,5.255555865000001,32.57786500000037,46,1479.3463704930173,1934.2689656714897,11.834770963944138,15.474151725371918
brio101,red,158,5.290904855,35.34898999999925,53,782.0823414363512,1025.4325469267314,6.256658731490809,8.20346037541385
brio101,green,158,5.290904855,35.34898999999925,54,1407.9022416138946,1678.49285068437,11.263217932911157,13.427942805474961
brio101,red,159,5.32296424,32.05938500000016,41,804.7604598285377,955.9380601771495,6.438083678628302,7.647504481417196
brio101,green,159,5.32296424,32.05938500000016,50,1323.8411187645306,1829.6175916620648,10.590728950116244,14.636940733296518
brio101,red,160,5.360115523,37.151283000000035,40,634.0655280002393,763.4426288305662,5.0725242240019135,6.10754103064453
brio101,green,160,5.360115523,37.151283000000035,49,1031.784923433005,1513.2897697901042,8.25427938746404,12.106318158320832
brio101,red,161,5.390972817000001,30.85729400000048,38,737.2363973586665,901.6497119963461,5.897891178869332,7.213197695970769
brio101,green,161,5.390972817000001,30.85729400000048,46,1208.4258951747663,1911.046743294846,9.667407161398131,15.288373946358767
brio101,red,162,5.42297835,32.00553299999953,44,651.3101391705966,841.8866756283539,5.210481113364773,6.735093405026832
brio101,green,162,5.42297835,32.00553299999953,43,1191.714071551627,1706.4928158119183,9.533712572413016,13.651942526495347
brio101,red,163,5.458919043000001,35.94069300000058,40,650.8412224404797,810.378844412134,5.206729779523838,6.483030755297071
brio101,green,163,5.458919043000001,35.94069300000058,45,989.1865867472279,1500.6872410027718,7.913492693977823,12.005497928022175
brio101,red,164,5.490920224000001,32.001181000000045,46,734.0086667833236,904.3895429740307,5.872069334266589,7.235116343792246
brio101,green,164,5.490920224000001,32.001181000000045,57,1063.621082607508,1693.771980867157,8.508968660860065,13.550175846937256
brio101,red,165,5.523081682,32.16145799999914,38,709.829840896969,928.2405965438451,5.678638727175752,7.425924772350761
brio101,green,165,5.523081682,32.16145799999914,56,905.8237731798279,1566.152191261883,7.246590185438623,12.529217530095064
brio101,red,166,5.558931042,35.849360000000274,47,611.5525722095346,821.7525946708678,4.892420577676276,6.574020757366942
brio101,green,166,5.558931042,35.849360000000274,48,862.3239225646454,1447.877616822634,6.898591380517163,11.583020934581073
brio101,red,167,5.590955019000001,32.02397700000059,42,647.195382285972,872.3074487858917,5.177563058287776,6.978459590287133
brio101,green,167,5.590955019000001,32.02397700000059,51,998.315949633955,1577.2429033242834,7.986527597071641,12.617943226594267
brio101,red,168,5.623668106,32.71308699999942,43,606.8927536671488,907.4034874952825,4.85514202933719,7.25922789996226
brio101,green,168,5.623668106,32.71308699999942,49,910.9301199718481,1541.4283740122785,7.287440959774784,12.331426992098228
brio101,red,169,5.660370853000001,36.702747000000535,32,452.8219348137311,621.7991322479573,3.622575478509849,4.974393057983659
brio101,green,169,5.660370853000001,36.702747000000535,50,939.7287762840461,1439.6600475051466,7.517830210272369,11.517280380041173
brio101,red,170,5.691856664,31.485810999999586,31,464.16013920236094,690.9247956193484,3.7132811136188875,5.527398364954787
brio101,green,170,5.691856664,31.485810999999586,43,1125.3747368878617,1834.2544423317486,9.002997895102894,14.674035538653989
brio101,red,171,5.725143047,33.286383000000086,35,473.6425396983902,625.0077182745734,3.7891403175871217,5.000061746196588
brio101,green,171,5.725143047,33.286383000000086,51,1112.105868256507,1824.7939511610716,8.896846946052056,14.598351609288574
brio101,red,172,5.758943188,33.800140999999506,36,534.4375682907535,727.2685892498755,4.275500546326029,5.818148713999004
brio101,green,172,5.758943188,33.800140999999506,44,929.4502849564963,1791.3618615556918,7.43560227965197,14.330894892445535
brio101,red,173,5.790933017,31.98982900000047,48,571.1269741276808,819.1218476521095,4.569015793021446,6.552974781216876
brio101,green,173,5.790933017,31.98982900000047,63,957.7790598622997,1522.1570490180013,7.662232478898398,12.17725639214401
brio101,red,174,5.824368233,33.43521599999999,40,576.3630683843718,745.3587564374675,4.610904547074975,5.96287005149974
brio101,green,174,5.824368233,33.43521599999999,48,964.9445249455293,1813.9491912874153,7.719556199564235,14.511593530299322
brio101,red,175,5.858958465000001,34.59023200000022,38,538.4249169186551,786.981364007266,4.30739933534924,6.295850912058128
brio101,green,175,5.858958465000001,34.59023200000022,53,1061.4097758812102,1747.0570045388422,8.491278207049682,13.976456036310738
brio101,red,176,5.89096009,32.00162499999948,43,618.5976370361063,1429.8208634233292,4.948781096288851,11.438566907386635
brio101,green,176,5.89096009,32.00162499999948,49,1034.984557362135,1854.8305494598678,8.27987645889708,14.838644395678942
brio101,red,177,5.9269412820000005,35.981192000000384,41,619.1655164613578,1418.2640842814128,4.953324131690863,11.346112674251303
brio101,green,177,5.9269412820000005,35.981192000000384,45,745.6387927289069,1516.97272895474,5.965110341831255,12.135781831637921
brio101,red,178,5.958972556,32.0312739999995,36,891.5325571905993,1552.9055117470148,7.1322604575247945,12.423244093976118
brio101,green,178,5.958972556,32.0312739999995,47,1123.3741241313783,1836.1985165868105,8.986992993051027,14.689588132694483
brio101,red,179,5.9909690520000005,31.99649600000054,35,1245.6970917910112,1636.6901301067912,9.96557673432809,13.09352104085433
brio101,green,179,5.9909690520000005,31.99649600000054,48,950.3278943870948,1832.0771815494381,7.602623155096758,14.656617452395507
brio101,red,180,6.027665188,36.69613599999977,35,1224.4811272899758,1493.064597211808,9.795849018319807,11.944516777694464
brio101,green,180,6.027665188,36.69613599999977,46,905.1443977428717,1571.687496701266,7.241155181942974,12.573499973610126
brio101,red,181,6.058952463000001,31.287275000000392,44,1362.8233053230504,1753.9836829326882,10.902586442584404,14.031869463461506
brio101,green,181,6.058952463000001,31.287275000000392,54,939.3111022136129,1777.6663187676425,7.514488817708903,14.22133055014114
brio101,red,182,6.090965348,32.012884999999436,37,1640.0632609263798,1956.0639756145679,13.120506087411039,15.648511804916543
brio101,green,182,6.090965348,32.012884999999436,50,918.3089359887326,1764.173948226615,7.346471487909861,14.11339158581292
brio101,red,183,6.126953151,35.98780300000026,56,1157.8543771036784,1457.0884921279605,9.262835016829428,11.656707937023686
brio101,green,183,6.126953151,35.98780300000026,50,639.9262786638085,1553.0045402735407,5.119410229310468,12.424036322188325
brio101,red,184,6.158962536000001,32.00938500000028,49,1712.4792578918027,2015.9484373181137,13.699834063134421,16.127587498544912
brio101,green,184,6.158962536000001,32.00938500000028,51,637.3049143778948,1573.3405207254739,5.098439315023159,12.58672416580379
brio101,red,185,6.190935143000001,31.972607000000153,52,1375.8997503960447,1720.5627259878997,11.007198003168359,13.764501807903198
brio101,green,185,6.190935143000001,31.972607000000153,55,684.2565229273594,1353.909382657384,5.474052183418875,10.831275061259072
brio101,red,186,6.226972946,36.03780299999926,52,1467.6870130256339,1751.5392436389743,11.741496104205073,14.012313949111796
brio101,green,186,6.226972946,36.03780299999926,54,724.8817993307088,1133.3847546784034,5.799054394645671,9.067078037427226
brio101,red,187,6.258951794000001,31.978848000000504,53,1624.7204953097844,1990.0999091970136,12.997763962478276,15.920799273576108
brio101,green,187,6.258951794000001,31.978848000000504,40,925.6121229779578,1450.3844676942292,7.404896983823663,11.603075741553834
brio101,red,188,6.291573344000001,32.62155,57,1618.2600052602363,1918.3392925572264,12.94608004208189,15.346714340457812
brio101,green,188,6.291573344000001,32.62155,38,805.5591516607009,1299.716731127705,6.444473213285607,10.39773384902164
brio101,red,189,6.327020427000001,35.44708300000021,47,1486.7509766185983,1926.475789680207,11.894007812948788,15.411806317441657
brio101,green,189,6.327020427000001,35.44708300000021,43,786.1390179032118,1260.6937594543433,6.289112143225695,10.085550075634746
brio101,red,190,6.358983552000001,31.96312499999987,57,1406.975167369993,1896.7722235172428,11.255801338959945,15.174177788137943
brio101,green,190,6.358983552000001,31.96312499999987,41,789.6452768387776,902.9236140103958,6.317162214710221,7.223388912083166
brio101,red,191,6.390969345,31.985792999999596,53,1516.282538348369,1828.2982957467063,12.130260306786951,14.62638636597365
brio101,green,191,6.390969345,31.985792999999596,53,728.5783408585773,1077.3001136133773,5.8286267268686185,8.618400908907018
brio101,red,192,6.426960629000001,35.99128400000051,59,1243.4447828349382,1637.9702455672318,9.947558262679506,13.103761964537854
brio101,green,192,6.426960629000001,35.99128400000051,55,633.7549743691823,797.5382411464863,5.070039794953458,6.38030592917189
brio101,red,193,6.459003848,32.04321899999929,53,1352.642123624744,1847.4033914655186,10.821136988997953,14.779227131724149
brio101,green,193,6.459003848,32.04321899999929,53,642.6592320784883,808.1869286607366,5.141273856627907,6.465495429285893
brio101,red,194,6.495267113000001,36.263265000000544,58,1327.434182827591,1684.3414730087763,10.619473462620729,13.47473178407021
brio101,green,194,6.495267113000001,36.263265000000544,55,691.8248291884836,827.4721797522692,5.534598633507869,6.619777438018153
brio101,red,195,6.526987258,31.720144999999533,52,1457.8048383443474,2045.7881440166616,11.66243870675478,16.366305152133293
brio101,green,195,6.526987258,31.720144999999533,58,798.4837674697133,943.5107038161142,6.387870139757706,7.548085630528914
brio101,red,196,6.558989884000001,32.00262600000059,52,1395.6072645222084,1841.9245047780812,11.164858116177667,14.73539603822465
brio101,green,196,6.558989884000001,32.00262600000059,62,724.4910184167929,903.578354711366,5.795928147334344,7.228626837690928
brio101,red,197,6.595002761,36.01287699999922,50,1225.340061904018,1636.0142610331823,9.802720495232144,13.088114088265458
brio101,green,197,6.595002761,36.01287699999922,54,691.8188273731234,791.7456259103061,5.534550618984987,6.333965007282449
brio101,red,198,6.6270068680000005,32.00410700000056,54,1259.0617721085832,1859.429716568812,10.072494176868666,14.875437732550497
brio101,green,198,6.6270068680000005,32.00410700000056,59,850.4057796854611,1044.4650082917842,6.803246237483688,8.355720066334273
brio101,red,199,6.658995846000001,31.988978000000223,53,1300.1598665093954,1876.9055528758654,10.401278932075163,15.015244423006925
brio101,green,199,6.658995846000001,31.988978000000223,57,783.6470050888739,964.2466428848116,6.269176040710992,7.713973143078493
brio101,red,200,6.694991186,35.99533999999949,54,1069.2785299656007,1779.4550889317825,8.554228239724806,14.23564071145426
brio101,green,200,6.694991186,35.99533999999949,49,644.0580328703978,773.3232571879777,5.152464262963183,6.186586057503821
brio101,red,201,6.727005867000001,32.0146810000006,57,1146.6289572717874,1946.5921946827666,9.173031658174299,15.572737557462132
brio101,green,201,6.727005867000001,32.0146810000006,47,691.7950113184372,934.5215893203265,5.534360090547498,7.476172714562612
brio101,red,202,6.75903803,32.032162999999336,57,1431.7057066210202,2120.0505554259657,11.453645652968161,16.960404443407725
brio101,green,202,6.75903803,32.032162999999336,56,674.2140421238894,958.745071627418,5.393712336991115,7.6699605730193445
brio101,red,203,6.795107241,36.069211000000045,60,1183.9196403882197,1707.2357993160779,9.471357123105758,13.657886394528623
brio101,green,203,6.795107241,36.069211000000045,53,542.1507634597131,670.6782340278081,4.337206107677704,5.365425872222465
brio101,red,204,6.826987311000001,31.880070000000593,61,1358.36657291034,1928.7387888537332,10.86693258328272,15.429910310829866
brio101,green,204,6.826987311000001,31.880070000000593,42,693.8661993526903,880.1028989901282,5.550929594821522,7.040823191921025
brio101,red,205,6.85900201,32.014698999999425,55,1345.6827193376466,1833.9301673643938,10.765461754701173,14.67144133891515
brio101,green,205,6.85900201,32.014698999999425,48,742.0716544704951,849.3122432818078,5.936573235763961,6.794497946254462
brio101,red,206,6.8963619970000005,37.35998700000032,54,1180.2688452929538,1685.396833609049,9.44215076234363,13.483174668872392
brio101,green,206,6.8963619970000005,37.35998700000032,35,625.9521919197897,688.9840665520279,5.007617535358317,5.511872532416223
brio101,red,207,6.926991291,30.629293999999696,59,1190.1217639743118,1694.3781013849798,9.520974111794494,13.55502481107984
brio101,green,207,6.926991291,30.629293999999696,25,744.6237392812448,835.7712462430356,5.9569899142499585,6.686169969944285
brio101,red,208,6.9589969730000005,32.00568200000031,55,1301.9060535004833,1939.0435416814094,10.415248428003867,15.512348333451275
brio101,green,208,6.9589969730000005,32.00568200000031,23,799.7710532618016,1345.4379906151576,6.398168426094413,10.76350392492126
brio101,red,209,6.994992091,35.99511799999977,59,1128.3872640149275,1609.4243259726334,9.02709811211942,12.875394607781066
brio101,green,209,6.994992091,35.99511799999977,33,645.8884974474321,1378.0254183180894,5.167107979579457,11.024203346544713
brio101,red,210,7.02702992,32.03782900000007,49,1350.2325900646422,1940.9161823439931,10.801860720517137,15.527329458751945
brio101,green,210,7.02702992,32.03782900000007,29,817.6020220279448,1562.2312257921374,6.540816176223559,12.497849806337097
brio101,red,211,7.0650356080000005,38.00568800000015,48,1201.9269381418562,1654.0252231495133,9.615415505134852,13.232201785196105
brio101,green,211,7.0650356080000005,38.00568800000015,28,684.5306883067037,1413.3793283146028,5.47624550645363,11.307034626516822
brio101,red,212,7.0950455340000005,30.009925999999965,48,1255.4544775139434,2043.363385255224,10.043635820111547,16.346907082041792
brio101,green,212,7.0950455340000005,30.009925999999965,41,1044.2326637653348,1831.106339187852,8.353861310122678,14.648850713502815
brio101,red,213,7.126985215,31.939680999999887,48,940.3451070029856,1754.3774850140699,7.522760856023885,14.035019880112559
brio101,green,213,7.126985215,31.939680999999887,36,1265.7600264006105,1802.366302894818,10.126080211204885,14.418930423158546
brio101,red,214,7.163029463,36.04424799999961,49,884.2438448861257,1562.3121771887509,7.073950759089006,12.498497417510007
brio101,green,214,7.163029463,36.04424799999961,39,1138.0644469772312,1555.567972131604,9.10451557581785,12.444543777052832
brio101,red,215,7.194999330000001,31.969867000000818,48,876.4404526634386,1592.141996542763,7.011523621307509,12.737135972342104
brio101,green,215,7.194999330000001,31.969867000000818,37,737.5938836349683,1801.0306257953805,5.900751069079746,14.408245006363044
brio101,red,216,7.227017474,32.01814399999936,56,743.5913014587223,1487.8018998901225,5.948730411669779,11.90241519912098
brio101,green,216,7.227017474,32.01814399999936,33,1056.9967383830167,1827.9979177166158,8.455973907064134,14.623983341732927
brio101,red,217,7.263032573,36.015099000000106,54,483.6867940406554,1174.000416835107,3.869494352325243,9.392003334680858
brio101,green,217,7.263032573,36.015099000000106,40,1053.7851559473843,1563.460462957058,8.430281247579074,12.507683703656465
brio101,red,218,7.295011773000001,31.97920000000032,51,620.199385748051,1079.8731113244874,4.961595085984408,8.638984890595898
brio101,green,218,7.295011773000001,31.97920000000032,39,1386.080888738973,1790.6436812733634,11.088647109911784,14.325149450186908
brio101,red,219,7.3270488060000005,32.03703299999994,55,760.6538048646877,1435.4428630008933,6.085230438917502,11.483542904007148
brio101,green,219,7.3270488060000005,32.03703299999994,36,1422.5181493384607,1946.1800585949622,11.380145194707687,15.569440468759698
brio101,red,220,7.36310585,36.05704399999965,49,594.1654733253923,1121.152433821026,4.753323786603139,8.969219470568211
brio101,green,220,7.36310585,36.05704399999965,36,1102.3956867132406,1790.9250913568899,8.819165493705926,14.327400730855118
brio101,red,221,7.3950069570000005,31.901107000000373,51,618.4767620759727,1014.6503579888192,4.9478140966077815,8.117202863910553
brio101,green,221,7.3950069570000005,31.901107000000373,44,1377.6227619284768,2000.13872277278,11.020982095427815,16.00110978218224
brio101,red,222,7.4271366940000005,32.12973699999999,47,689.0433182366183,1028.6987614997927,5.512346545892947,8.229590091998341
brio101,green,222,7.4271366940000005,32.12973699999999,44,1210.577887158126,1997.3653556796828,9.684623097265007,15.978922845437465
brio101,red,223,7.464799864000001,37.66317000000008,49,680.7807798348957,1074.5438553327965,5.446246238679166,8.596350842662373
brio101,green,223,7.464799864000001,37.66317000000008,43,1095.7683596108534,1713.1103634601548,8.766146876886827,13.704882907681238
brio101,red,224,7.495023715,30.22385099999969,36,849.8517321113198,1178.0922942159568,6.798813856890559,9.424738353727655
brio101,green,224,7.495023715,30.22385099999969,41,1538.7727962468398,2039.9528234602253,12.310182369974719,16.319622587681803
brio101,red,225,7.52716823,32.14451499999971,35,666.139095702965,988.5226237047573,5.32911276562372,7.908180989638058
brio101,green,225,7.52716823,32.14451499999971,43,1442.5022559503025,2092.8280960982747,11.54001804760242,16.7426247687862
brio101,red,226,7.563073459,35.90522899999993,42,716.7480547868937,1113.3477002278073,5.73398443829515,8.906781601822459
brio101,green,226,7.563073459,35.90522899999993,47,957.419760363868,1656.9434105476726,7.659358082910944,13.25554728438138
brio101,red,227,7.595033789,31.960330000000425,33,821.8115589914042,988.8173570690623,6.574492471931234,7.910538856552498
brio101,green,227,7.595033789,31.960330000000425,40,945.1618676820783,1692.008225978333,7.561294941456627,13.536065807826663
brio101,red,228,7.631052833,36.01904399999967,36,679.9122552213137,894.1957172347954,5.43929804177051,7.153565737878363
brio101,green,228,7.631052833,36.01904399999967,49,893.7672349809053,1664.5382436736077,7.150137879847242,13.31630594938886
brio101,red,229,7.663076625,32.023792000000384,36,749.7852116015034,1048.129013039485,5.998281692812028,8.38503210431588
brio101,green,229,7.663076625,32.023792000000384,49,965.9073411268548,1773.0182196851722,7.727258729014839,14.184145757481378
brio101,red,230,7.695007269,31.930644000000008,36,741.9756085529543,1004.1171676498604,5.935804868423634,8.032937341198883
brio101,green,230,7.695007269,31.930644000000008,46,1048.2612861330422,1886.8414805637112,8.386090289064338,15.094731844509692
brio101,red,231,7.731307887000001,36.300618000000284,35,628.4929354603873,855.1835048867429,5.0279434836830985,6.841468039093943
brio101,green,231,7.731307887000001,36.300618000000284,46,911.9844541773057,1631.3536637607629,7.295875633418445,13.050829310086103
brio101,red,232,7.763076476,31.76858899999946,29,714.8914045975781,1066.917591614539,5.719131236780625,8.535340732916312
brio101,green,232,7.763076476,31.76858899999946,43,1083.9708882846062,1740.1206327122932,8.67176710627685,13.920965061698345
brio101,red,233,7.795004009,31.927533000000174,23,587.7110020144036,968.9049038228615,4.701688016115229,7.751239230582891
brio101,green,233,7.795004009,31.927533000000174,41,961.3582111144605,1732.0268223606004,7.690865688915684,13.856214578884803
brio101,red,234,7.831045479,36.0414699999998,28,494.90408966888197,766.373169694925,3.9592327173510555,6.130985357559399
brio101,green,234,7.831045479,36.0414699999998,48,977.7899111553081,1800.8218000029206,7.822319289242465,14.406574400023366
brio101,red,235,7.863098327,32.05284800000019,37,652.5903213494219,874.5323690492064,5.220722570795375,6.996258952393651
brio101,green,235,7.863098327,32.05284800000019,48,924.3726545265047,1909.6917013993427,7.394981236212038,15.277533611194741
brio101,red,236,7.895041323,31.942995999999724,37,641.3500913881646,903.4650006872671,5.130800731105317,7.227720005498137
brio101,green,236,7.895041323,31.942995999999724,56,1138.93479111252,1688.4272733121388,9.111478328900162,13.507418186497112
brio101,red,237,7.931039719,35.9983960000001,38,625.6709467880714,702.2512924696571,5.005367574304572,5.618010339757256
brio101,green,237,7.931039719,35.9983960000001,42,1160.0212668598429,1674.470917408862,9.280170134878743,13.395767339270897
brio101,red,238,7.963054659,32.014939999999825,32,745.4874258616323,837.6848586337077,5.963899406893059,6.701478869069662
brio101,green,238,7.963054659,32.014939999999825,48,1211.8234962559388,1910.238119330298,9.694587970047511,15.281904954642386
brio101,red,239,7.995080174000001,32.02551500000084,36,683.9196780327609,1349.8322665114913,5.471357424262087,10.79865813209193
brio101,green,239,7.995080174000001,32.02551500000084,52,1085.915443003539,1733.2774924835796,8.687323544028311,13.866219939868639
brio101,red,240,8.031122088,36.04191400000012,50,653.6740821418689,1331.0973889090378,5.229392657134951,10.648779111272303
brio101,green,240,8.031122088,36.04191400000012,54,1083.5270318234343,1554.7127748546934,8.668216254587476,12.437702198837547
brio101,red,241,8.063601639,32.47955099999977,52,664.8368165843834,1506.3092692848484,5.318694532675067,12.050474154278788
brio101,green,241,8.063601639,32.47955099999977,57,1071.5488195123958,1737.70743425835,8.572390556099167,13.9016594740668
brio101,red,242,8.095074802,31.47316299999936,45,749.5994669682598,1644.2437154356717,5.996795735746078,13.153949723485374
brio101,green,242,8.095074802,31.47316299999936,56,1084.0346681252151,1932.061535763388,8.67227734500172,15.456492286107105
brio101,red,243,8.13107642,36.001618000000235,49,627.5851310018197,1361.4081189109888,5.020681048014558,10.891264951287912
brio101,green,243,8.13107642,36.001618000000235,49,822.3237768063316,1554.8787691694074,6.578590214450653,12.43903015335526
brio101,red,244,8.163446322999999,32.36990299999931,34,1289.9128282927002,1788.0376552366233,10.319302626341601,14.304301241892986
brio101,green,244,8.163446322999999,32.36990299999931,45,971.1389677617594,1888.0405396307463,7.769111742094076,15.10432431704597
brio101,red,245,8.19908272,35.6363970000011,39,1169.8926728867705,1537.4884234272604,9.359141383094164,12.299907387418083
brio101,green,245,8.19908272,35.6363970000011,42,848.7720258484213,1628.0808727634926,6.79017620678737,13.024646982107942
brio101,red,246,8.231090585999999,32.00786599999894,42,1379.285839519614,1877.6152814052846,11.034286716156913,15.020922251242277
brio101,green,246,8.231090585999999,32.00786599999894,49,956.734345671823,1767.161489643007,7.653874765374584,14.137291917144054
brio101,red,247,8.264140525,33.049939000001416,47,1371.2371294272832,1927.2646188510128,10.969897035418265,15.418116950808102
brio101,green,247,8.264140525,33.049939000001416,54,783.4704535764773,1886.0019351086828,6.267763628611819,15.088015480869462
brio101,red,248,8.299137256,34.99673099999967,46,1365.6322779089742,1791.8837981690288,10.925058223271794,14.33507038535223
brio101,green,248,8.299137256,34.99673099999967,50,748.3484749842986,1330.1461389112083,5.986787799874389,10.641169111289667
brio101,red,249,8.331103381,31.96612500000029,50,1578.9847475632507,2111.1847678165063,12.631877980506005,16.88947814253205
brio101,green,249,8.331103381,31.96612500000029,52,875.7376072454479,1483.143184992587,7.005900857963583,11.865145479940697
brio101,red,250,8.363106581,32.00320000000012,54,1492.0940260610664,1972.5789475854294,11.936752208488532,15.780631580683437
brio101,green,250,8.363106581,32.00320000000012,50,864.6563353043608,1261.8555873052983,6.9172506824348865,10.094844698442385
brio101,red,251,8.399093588,35.98700699999924,51,1251.2890246138534,1850.4079617329949,10.010312196910828,14.80326369386396
brio101,green,251,8.399093588,35.98700699999924,42,724.5876518778142,1232.920708552729,5.796701215022514,9.863365668421832
brio101,red,252,8.431093306,31.99971799999979,48,1281.86204455695,2105.0259095037068,10.2548963564556,16.840207276029652
brio101,green,252,8.431093306,31.99971799999979,40,831.591325341802,1431.7708883220996,6.652730602734416,11.454167106576797
brio101,red,253,8.463169042999999,32.07573699999955,52,1414.6593853076747,2013.3705489623324,11.317275082461396,16.10696439169866
brio101,green,253,8.463169042999999,32.07573699999955,44,891.580307171206,1411.1071059433732,7.1326424573696485,11.288856847546986
brio101,red,254,8.49910255,35.933507000001086,50,1026.707309323524,1931.998674783007,8.213658474588193,15.455989398264057
brio101,green,254,8.49910255,35.933507000001086,40,743.1230215557566,1123.6444851812248,5.944984172446052,8.989155881449797
brio101,red,255,8.531114212999999,32.01166299999869,57,1085.110317736635,2040.8103905021126,8.68088254189308,16.3264831240169
brio101,green,255,8.531114212999999,32.01166299999869,38,828.5932147691734,1163.176889064122,6.628745718153388,9.305415112512975
brio101,red,256,8.563206394,32.09218100000122,50,1287.8459298582616,2198.43889337287,10.302767438866095,17.587511146982962
brio101,green,256,8.563206394,32.09218100000122,43,862.1254139220769,1014.6598650125075,6.897003311376615,8.11727892010006
brio101,red,257,8.600491639,37.285244999999634,50,921.1045666321202,1709.920555082609,7.368836533056962,13.679364440660873
brio101,green,257,8.600491639,37.285244999999634,47,765.4457098266464,922.492173176741,6.123565678613171,7.379937385413927
brio101,red,258,8.631178064,30.68642500000074,51,1205.396074928837,1945.5840781937368,9.643168599430696,15.564672625549893
brio101,green,258,8.631178064,30.68642500000074,50,833.035869042895,1022.1009636907854,6.6642869523431605,8.176807709526283
brio101,red,259,8.663894077,32.71601299999993,53,1121.6702818192264,1872.3406169877944,8.97336225455381,14.978724935902356
brio101,green,259,8.663894077,32.71601299999993,52,733.5392164127068,920.3516342992014,5.8683137313016545,7.362813074393611
brio101,red,260,8.699115067,35.22098999999912,50,1015.9663313295914,1672.4994146506594,8.127730650636732,13.379995317205276
brio101,green,260,8.699115067,35.22098999999912,60,746.6720554995561,862.1258457767341,5.9733764439964485,6.897006766213873
brio101,red,261,8.731156710999999,32.041643999999536,53,1033.5911911862663,1776.6960136230798,8.26872952949013,14.213568108984639
brio101,green,261,8.731156710999999,32.041643999999536,61,730.7475965121115,910.2872676897215,5.845980772096892,7.282298141517772
brio101,red,262,8.767110885,35.95417400000045,57,1086.6578640824193,1678.990490523354,8.693262912659355,13.431923924186833
brio101,green,262,8.767110885,35.95417400000045,56,709.3876089715559,823.4407462257407,5.675100871772448,6.587525969805926
brio101,red,263,8.799924027,32.813142000000184,56,1210.7188608535819,1851.813985707688,9.685750886828655,14.814511885661506
brio101,green,263,8.799924027,32.813142000000184,53,761.5048578119862,981.1555650053455,6.092038862495889,7.849244520042764
brio101,red,264,8.831117247,31.193220000000466,54,1320.2432037262574,1957.613784020605,10.56194562981006,15.66091027216484
brio101,green,264,8.831117247,31.193220000000466,45,754.912253764438,940.8339633028157,6.039298030115504,7.526671706422525
brio101,red,265,8.867084864999999,35.967617999999035,51,1260.1431011733957,1944.468743714344,10.081144809387165,15.555749949714752
brio101,green,265,8.867084864999999,35.967617999999035,43,608.3937018392603,821.0307913809478,4.867149614714083,6.5682463310475825
brio101,red,266,8.899153083,32.068218000000925,60,1368.6249667942736,2011.3883769667839,10.948999734354189,16.09110701573427
brio101,green,266,8.899153083,32.068218000000925,42,768.0123602698636,934.6536597300228,6.144098882158909,7.477229277840182
brio101,red,267,8.931127487,31.974403999999623,63,1085.2801467479537,1804.09935016704,8.68224117398363,14.432794801336321
brio101,green,267,8.931127487,31.974403999999623,44,699.5894345383567,812.0917347627624,5.596715476306854,6.4967338781020985
brio101,red,268,8.967157734999999,36.03024799999943,63,1243.606805279916,1590.5215842403895,9.948854442239329,12.724172673923116
brio101,green,268,8.967157734999999,36.03024799999943,32,678.3704529951435,818.6942754491414,5.426963623961148,6.549554203593131
brio101,red,269,8.999134768,31.977033000000432,70,1378.1961391241416,1850.4885585643488,11.025569112993134,14.80390846851479
brio101,green,269,8.999134768,31.977033000000432,38,649.5534659322786,761.9358057849639,5.19642772745823,6.095486446279712
brio101,red,270,9.031128837999999,31.994069999999653,57,1295.648541160079,1905.2381375396687,10.365188329280633,15.24190510031735
brio101,green,270,9.031128837999999,31.994069999999653,28,698.2254098902634,1251.8174030367607,5.585803279122108,10.014539224294085
brio101,red,271,9.067619324999999,36.490487000000016,63,1068.219634672232,1647.3879888469091,8.545757077377855,13.179103910775273
brio101,green,271,9.067619324999999,36.490487000000016,44,654.998935541227,1384.374894056306,5.239991484329815,11.074999152450449
brio101,red,272,9.099115859,31.49653400000041,57,1342.050558990827,1978.0272848324767,10.736404471926617,15.824218278659814
brio101,green,272,9.099115859,31.49653400000041,31,739.3358330594889,1601.3240106887233,5.914686664475911,12.810592085509787
brio101,red,273,9.131118615,32.00275600000069,59,1299.0200099274039,2006.9242016694866,10.39216007941923,16.055393613355893
brio101,green,273,9.131118615,32.00275600000069,28,738.1610173945335,1684.9499035320282,5.905288139156268,13.479599228256225
brio101,red,274,9.168126489999999,37.00787499999869,53,872.5089144229999,1665.417248392043,6.980071315383999,13.323337987136343
brio101,green,274,9.168126489999999,37.00787499999869,33,760.9866049648542,1386.413754547292,6.087892839718834,11.091310036378335
brio101,red,275,9.199140358,31.0138680000005,53,1311.9616692627003,1976.0874643756044,10.495693354101602,15.808699715004837
brio101,green,275,9.199140358,31.0138680000005,31,922.3350868356337,1886.7048302123453,7.37868069468507,15.09363864169876
brio101,red,276,9.231127964999999,31.987606999999585,51,1045.491893428885,1838.2595327024462,8.36393514743108,14.70607626161957
brio101,green,276,9.231127964999999,31.987606999999585,38,865.661906918928,1818.1786179220921,6.925295255351425,14.545428943376738
brio101,red,277,9.26709801,35.970045000000894,56,738.533662873835,1608.0354946875077,5.90826930299068,12.864283957500064
brio101,green,277,9.26709801,35.970045000000894,45,916.2548948041056,1499.8041646722352,7.330039158432845,11.99843331737788
brio101,red,278,9.299143543,32.04553299999979,53,835.7279186073027,1613.5074724526853,6.685823348858422,12.908059779621482
brio101,green,278,9.299143543,32.04553299999979,37,1057.525510456355,1838.7568457378102,8.46020408365084,14.710054765902482
brio101,red,279,9.335132605,35.989062000000516,50,517.4845100804428,1287.9826674090891,4.139876080643543,10.303861339272714
brio101,green,279,9.335132605,35.989062000000516,38,1025.957791978247,1532.7999268699962,8.207662335825976,12.26239941495997
brio101,red,280,9.367130396999999,31.997791999998526,58,749.2497133632377,1229.0893576717162,5.993997706905901,9.83271486137373
brio101,green,280,9.367130396999999,31.997791999998526,36,1313.7077707495414,2001.6361182866713,10.509662165996332,16.013088946293372
brio101,red,281,9.399571319,32.44092200000104,47,803.7271792188046,1340.0765980117772,6.429817433750437,10.720612784094218
brio101,green,281,9.399571319,32.44092200000104,37,1431.5277852225213,1884.4637567921304,11.45222228178017,15.075710054337044
brio101,red,282,9.435117825999999,35.546506999999394,49,836.9415630195314,1147.4294285240587,6.695532504156251,9.17943542819247
brio101,green,282,9.435117825999999,35.546506999999394,36,1380.1259471715862,1957.3442681010388,11.041007577372689,15.658754144808311
brio101,red,283,9.467113934,31.9961080000013,42,1041.1666609053236,1297.926654338398,8.329333287242589,10.383413234707184
brio101,green,283,9.467113934,31.9961080000013,42,1427.109127765994,1920.8198217609186,11.416873022127952,15.366558574087348
brio101,red,284,9.499193966,32.08003199999965,47,860.7097640746513,1092.3753193275866,6.88567811259721,8.739002554620692
brio101,green,284,9.499193966,32.08003199999965,49,1691.304610635719,2174.307448611971,13.530436885085752,17.394459588895767
brio101,red,285,9.535140474,35.94650800000032,44,767.4224973428054,981.8827594185716,6.1393799787424435,7.855062075348573
brio101,green,285,9.535140474,35.94650800000032,46,1372.4548662208613,1790.9300694642627,10.979638929766889,14.327440555714102
brio101,red,286,9.567134136,31.993661999999645,43,946.2649660695379,1372.7787985981731,7.570119728556303,10.982230388785386
brio101,green,286,9.567134136,31.993661999999645,44,1461.649094693574,2147.8706291900007,11.69319275754859,17.182965033520006
brio101,red,287,9.600878314,33.74417799999918,47,879.2486525661147,1102.4029369667824,7.033989220528918,8.819223495734258
brio101,green,287,9.600878314,33.74417799999918,45,1519.774345908941,1899.1810625699413,12.15819476727153,15.19344850055953
brio101,red,288,9.635125676,34.24736200000034,36,803.2973169624111,1028.7143091171715,6.426378535699288,8.229714472937372
brio101,green,288,9.635125676,34.24736200000034,41,1188.3923726391297,1934.1907800942745,9.507138981113037,15.473526240754197
brio101,red,289,9.667151802,32.02612599999988,47,785.0678006808051,1030.043567794461,6.280542405446441,8.240348542355687
brio101,green,289,9.667151802,32.02612599999988,47,1251.3181864467472,1906.5898005706476,10.010545491573978,15.252718404565183
brio101,red,290,9.69915365,32.001848000000166,51,752.6612098864357,1060.430465668835,6.021289679091486,8.483443725350682
brio101,green,290,9.69915365,32.001848000000166,45,988.8169458160318,1771.3952486771268,7.910535566528254,14.171161989417016
brio101,red,291,9.735139064,35.98541400000066,50,738.9558206294639,1020.4064422923553,5.911646565035712,8.163251538338843
brio101,green,291,9.735139064,35.98541400000066,57,839.1490381307959,1662.7986659838225,6.713192305046368,13.30238932787058
brio101,red,292,9.768141391999999,33.00232799999847,41,832.1947401194607,1017.5564307217301,6.657557920955686,8.140451445773841
brio101,green,292,9.768141391999999,33.00232799999847,57,869.374551974049,1628.2377745014805,6.954996415792392,13.025902196011845
brio101,red,293,9.800297554,32.15616200000149,38,762.2719670423243,1002.3388584681103,6.098175736338595,8.018710867744883
brio101,green,293,9.800297554,32.15616200000149,47,890.6522464069251,1638.7542554450054,7.125217971255401,13.110034043560042
brio101,red,294,9.835146193,34.84863899999979,39,666.8999655559142,836.8859561689673,5.335199724447313,6.695087649351738
brio101,green,294,9.835146193,34.84863899999979,51,875.3485658546049,1509.6223692549158,7.002788526836839,12.076978954039326
brio101,red,295,9.867126226,31.980032999999963,28,750.1520070989106,1037.0500950292974,6.001216056791286,8.29640076023438
brio101,green,295,9.867126226,31.980032999999963,47,759.3993020287811,1934.3745279517375,6.075194416230249,15.4749962236139
brio101,red,296,9.903203917999999,36.07769199999922,34,680.4158321169198,835.9441281708624,5.443326656935358,6.6875530253669
brio101,green,296,9.903203917999999,36.07769199999922,52,873.5827047161886,1758.7978961215938,6.988661637729509,14.07038316897275
brio101,red,297,9.935155599,31.951681000000676,42,675.9859112799055,925.0221277290809,5.407887290239245,7.400177021832647
brio101,green,297,9.935155599,31.951681000000676,56,1095.0269404669639,1942.7477179971431,8.76021552373571,15.541981743977145
brio101,red,298,9.967158891999999,32.00329299999893,47,645.3938156951801,780.9149850949352,5.163150525561441,6.247319880759482
brio101,green,298,9.967158891999999,32.00329299999893,61,852.2331689923872,1443.8125851473715,6.817865351939098,11.550500681178972
brio101,red,299,10.003815675,36.656783000001525,41,617.0758195385023,837.2084625899487,4.936606556308019,6.69766770071959
brio101,green,299,10.003815675,36.656783000001525,57,780.7288244082251,1637.70345604659,6.245830595265801,13.10162764837272
brio101,red,300,10.036376984999999,32.5613099999984,36,660.7060628598708,851.3307536850004,5.285648502878967,6.810646029480004
brio101,green,300,10.036376984999999,32.5613099999984,59,1027.960126200348,1653.0724986154828,8.223681009602783,13.224579988923862
brio101,red,301,10.067145353999999,30.76836900000046,36,737.4491877576671,1287.6550205495466,5.899593502061338,10.301240164396372
brio101,green,301,10.067145353999999,30.76836900000046,52,954.0019013631606,1838.058322886215,7.632015210905285,14.70446658308972
brio101,red,302,10.103236138,36.09078400000065,40,619.2107047308083,1311.2065110743881,4.953685637846466,10.489652088595106
brio101,green,302,10.103236138,36.09078400000065,55,768.4928870402207,1525.4761698994846,6.147943096321765,12.203809359195876
brio101,red,303,10.135146227,31.91008900000014,37,849.1939958168306,1564.0692208517826,6.793551966534645,12.51255376681426
brio101,green,303,10.135146227,31.91008900000014,54,891.8495835237329,1732.8934408571652,7.134796668189864,13.863147526857322
brio101,red,304,10.168110962,32.96473500000019,49,746.3762739247509,1467.3691393461088,5.971010191398007,11.738953114768872
brio101,green,304,10.168110962,32.96473500000019,53,793.9930850810649,1726.558544016529,6.351944680648519,13.81246835213223
brio101,red,305,10.203302156,35.19119399999937,59,681.6435524771011,1430.778976889281,5.453148419816809,11.446231815114247
brio101,green,305,10.203302156,35.19119399999937,51,640.8624049801468,1583.0515605558521,5.126899239841174,12.664412484446817
brio101,red,306,10.23531367,32.011514000000574,59,708.5976212503334,1532.7227260505974,5.6687809700026675,12.26178180840478
brio101,green,306,10.23531367,32.011514000000574,47,698.0999415187799,1809.0208799614666,5.58479953215024,14.472167039691733
brio101,red,307,10.267153574,31.83990399999992,58,899.9065298841714,1656.135242192606,7.199252239073371,13.249081937540849
brio101,green,307,10.267153574,31.83990399999992,58,778.9624318021197,1721.0361770431537,6.231699454416958,13.76828941634523
brio101,red,308,10.303190469999999,36.03689599999882,57,1005.9817831991763,1545.2597657038161,8.047854265593411,12.362078125630529
brio101,green,308,10.303190469999999,36.03689599999882,53,530.7408054861055,1419.2237481440227,4.245926443888844,11.353789985152183
brio101,red,309,10.335198855,32.00838500000103,36,1655.7749934729682,2050.1171752944615,13.246199947783744,16.40093740235569
brio101,green,309,10.335198855,32.00838500000103,55,576.2788219575408,1760.7415927002626,4.610230575660326,14.0859327416021
brio101,red,310,10.367155794999999,31.956939999998824,31,2012.8824540941816,2551.9923556617478,16.103059632753453,20.415938845293987
brio101,green,310,10.367155794999999,31.956939999998824,56,536.8197536343282,1431.1626275678852,4.294558029074626,11.449301020543082
brio101,red,311,10.403766005,36.610210000000976,21,1645.9015147989512,2393.717414603636,13.16721211839161,19.149739316829088
brio101,green,311,10.403766005,36.610210000000976,58,575.9368832981339,949.4407967811098,4.607495066385072,7.595526374248879
brio101,red,312,10.435184224,31.418219000000747,21,1495.8434006258094,2368.977583915786,11.966747205006476,18.95182067132629
brio101,green,312,10.435184224,31.418219000000747,50,754.2095885501931,1292.9959065055548,6.033676708401545,10.34396725204444
brio101,red,313,10.471174472,35.99024799999917,30,1261.2977148793107,1974.3190662809075,10.090381719034486,15.794552530247259
brio101,green,313,10.471174472,35.99024799999917,50,700.6780236006088,1315.6354919251874,5.60542418880487,10.525083935401499
brio101,red,314,10.50434204,33.16756799999965,38,1085.8868309625027,2046.524890622188,8.687094647700023,16.372199124977506
brio101,green,314,10.50434204,33.16756799999965,48,922.1460361625445,1571.5121162239682,7.377168289300357,12.572096929791744
brio101,red,315,10.535174074999999,30.832034999999536,43,1187.477870456756,2267.0025206094188,9.499822963654047,18.13602016487535
brio101,green,315,10.535174074999999,30.832034999999536,45,1047.4558713037277,1343.4725026218655,8.379646970429821,10.747780020974924
brio101,red,316,10.571200564,36.02648900000105,54,1051.4286535721014,1943.092442496775,8.41142922857681,15.5447395399742
brio101,green,316,10.571200564,36.02648900000105,41,693.1456796912348,968.4515537136248,5.545165437529879,7.747612429708998
brio101,red,317,10.604167261999999,32.966697999999184,57,986.5593934896391,1878.3141028900625,7.8924751479171125,15.0265128231205
brio101,green,317,10.604167261999999,32.966697999999184,46,742.7421075624862,980.2901346197999,5.94193686049989,7.842321076958399
brio101,red,318,10.63531037,31.143108000000197,55,1139.625196552438,1976.841149514691,9.117001572419504,15.81472919611753
brio101,green,318,10.63531037,31.143108000000197,49,839.402289041326,1065.7335509289292,6.715218312330608,8.525868407431433
brio101,red,319,10.671184839999999,35.87446999999955,58,929.5548270587096,1573.1958665507827,7.436438616469678,12.585566932406262
brio101,green,319,10.671184839999999,35.87446999999955,45,703.8410701966949,889.679282577823,5.63072856157356,7.117434260622584
brio101,red,320,10.703234577,32.049737000001244,59,1047.332311990033,1686.7560939931623,8.378658495920265,13.494048751945298
brio101,green,320,10.703234577,32.049737000001244,54,779.4859817772192,1042.8989968301369,6.235887854217754,8.343191974641096
brio101,red,321,10.735211925,31.97734799999985,58,984.7563045385194,1561.914575111921,7.878050436308156,12.49531660089537
brio101,green,321,10.735211925,31.97734799999985,57,801.5152283370545,1057.0803261570088,6.412121826696437,8.456642609256072
brio101,red,322,10.771181877,35.969952000000305,58,859.694620331155,1393.6377999236743,6.87755696264924,11.149102399389394
brio101,green,322,10.771181877,35.969952000000305,52,665.7555955974893,861.6812033633336,5.326044764779915,6.893449626906669
brio101,red,323,10.804332518999999,33.15064199999895,62,967.7053238226115,1637.5593265051452,7.741642590580892,13.100474612041163
brio101,green,323,10.804332518999999,33.15064199999895,60,685.4247258636319,898.3213071238999,5.483397806909055,7.186570456991199
brio101,red,324,10.835208257,30.875738000000652,66,1112.0850692509512,1785.388585977497,8.89668055400761,14.283108687819976
brio101,green,324,10.835208257,30.875738000000652,48,721.466398359411,882.4682095273378,5.771731186875288,7.059745676218702
brio101,red,325,10.871191413,35.98315600000035,67,986.047202845162,1658.3345389157512,7.888377622761296,13.266676311326009
brio101,green,325,10.871191413,35.98315600000035,51,526.140614301424,660.7903152709782,4.209124914411392,5.286322522167826
brio101,red,326,10.904282036,33.09062299999965,65,911.1253109728616,1543.4231470161199,7.289002487782893,12.34738517612896
brio101,green,326,10.904282036,33.09062299999965,49,387.0476999986426,510.43546598297587,3.0963815999891406,4.083483727863807
brio101,red,327,10.935196405,30.914368999999553,73,670.1675509662098,825.0300111394159,5.361340407729679,6.600240089115328
brio101,green,327,10.935196405,30.914368999999553,56,151.3812639499427,204.0536869324019,1.2110501115995416,1.6324294954592151
brio101,red,328,10.971279763,36.08335800000084,78,716.801194429962,878.0677405372409,5.734409555439696,7.024541924297926
brio101,green,328,10.971279763,36.08335800000084,45,415.4070677527628,525.5825126848318,3.3232565420221025,4.204660101478655
brio101,red,329,11.003619943999999,32.34018099999858,78,665.5266169295372,930.2168499782148,5.324212935436298,7.441734799825718
brio101,green,329,11.003619943999999,32.34018099999858,44,757.4720958459324,994.0930224939964,6.05977676676746,7.952744179951972
brio101,red,330,11.039250488999999,35.63054500000007,76,542.5249002658743,772.9346297271547,4.340199202126994,6.183477037817238
brio101,green,330,11.039250488999999,35.63054500000007,50,764.6493535383665,837.7317078407447,6.117194828306932,6.7018536627259575
brio101,red,331,11.071215485,31.964996000001022,78,1025.2362272224668,1459.959822961394,8.201889817779733,11.679678583691151
brio101,green,331,11.071215485,31.964996000001022,26,1473.3937938577465,1692.0087658693028,11.787150350861973,13.536070126954423
brio101,red,332,11.104267849,33.05236399999956,68,1188.8257940818844,1776.920232839721,9.510606352655074,14.215361862717767
brio101,green,332,11.104267849,33.05236399999956,12,2130.489286227409,2231.446628331025,17.043914289819273,17.8515730266482
brio101,red,333,11.140863966,36.596117000000206,69,888.9075557466017,1781.3573342288469,7.111260445972814,14.250858673830775
brio101,green,333,11.140863966,36.596117000000206,5,2027.5024612215464,2335.506665577445,16.22001968977237,18.68405332461956
brio101,red,334,11.171192169,30.32820299999983,67,976.6721663189486,1842.1201960877152,7.813377330551589,14.736961568701721
brio101,green,334,11.171192169,30.32820299999983,0,,,,
brio101,red,335,11.204473163,33.280994000000064,64,1005.8887494064732,1653.9084064175026,8.047109995251784,13.231267251340022
brio101,green,335,11.204473163,33.280994000000064,0,,,,
brio101,red,336,11.240270503,35.79734000000023,62,843.1104012022716,1662.008117268395,6.744883209618173,13.296064938147161
brio101,green,336,11.240270503,35.79734000000023,0,,,,
brio101,red,337,11.271995148,31.724645000000606,62,912.5530776127126,1655.1100266037665,7.300424620901701,13.240880212830133
brio101,green,337,11.271995148,31.724645000000606,0,,,,
brio101,red,338,11.303257534,31.262385999999864,61,1087.3948155686023,1984.158201417433,8.69915852454882,15.873265611339464
brio101,green,338,11.303257534,31.262385999999864,0,,,,
brio101,red,339,11.339235133999999,35.977599999998944,63,902.2862492232402,1679.7245012601493,7.218289993785922,13.437796010081193
brio101,green,339,11.339235133999999,35.977599999998944,0,,,,
brio101,red,340,11.371257963,32.02282900000064,62,899.3675633951809,1878.437500341577,7.194940507161448,15.027500002732618
brio101,green,340,11.371257963,32.02282900000064,3,1462.7626636695095,1501.0358013336133,11.702101309356076,12.008286410668907
brio101,red,341,11.403656477,32.39851400000049,64,760.9755800678608,1795.498336256015,6.0878046405428865,14.363986690048119
brio101,green,341,11.403656477,32.39851400000049,3,1505.6085212309945,1683.1289454680482,12.044868169847955,13.465031563744386
brio101,red,342,11.4392283,35.571822999999725,66,801.5083752252824,1657.2618698872952,6.412067001802259,13.258094959098361
brio101,green,342,11.4392283,35.571822999999725,2,1383.8143213144701,1421.0893067713741,11.070514570515762,11.368714454170995
brio101,red,343,11.471217554999999,31.98925499999916,64,830.8886322199329,1855.748786379257,6.647109057759463,14.845990291034056
brio101,green,343,11.471217554999999,31.98925499999916,2,2124.8239371351838,2898.5458857792387,16.99859149708147,23.18836708623391
brio101,red,344,11.503264366,32.04681100000073,67,817.317549988536,1790.4309425653344,6.538540399908288,14.323447540522675
brio101,green,344,11.503264366,32.04681100000073,4,2746.9424324896177,2873.531015809152,21.97553945991694,22.988248126473216
brio101,red,345,11.539294984,36.03061799999985,65,646.6422228609612,1444.1373549719708,5.173137782887689,11.553098839775767
brio101,green,345,11.539294984,36.03061799999985,8,2024.6132233496724,2258.0031502700663,16.19690578679738,18.06402520216053
brio101,red,346,11.571242628,31.947644000000608,68,664.3907224227098,1474.1606574562068,5.315125779381679,11.793285259649654
brio101,green,346,11.571242628,31.947644000000608,12,1986.8312354215518,2133.490593699655,15.894649883372416,17.067924749597243
brio101,red,347,11.607299227999999,36.05659999999844,72,589.5566325694314,1316.127166105688,4.716453060555451,10.529017328845505
brio101,green,347,11.607299227999999,36.05659999999844,18,1811.092986627481,1977.7970078313385,14.48874389301985,15.822376062650708
brio101,red,348,11.63926489,31.96566200000106,66,777.9626244696487,1485.2037431511048,6.2237009957571905,11.881629945208838
brio101,green,348,11.63926489,31.96566200000106,7,2288.119318873636,2349.93642433746,18.304954550989088,18.79949139469968
brio101,red,349,11.671203219999999,31.938329999999127,68,834.5538735641971,1463.1155742691674,6.6764309885135775,11.704924594153338
brio101,green,349,11.671203219999999,31.938329999999127,8,2304.4888439291126,2483.1775505352025,18.4359107514329,19.86542040428162
brio101,red,350,11.707229356,36.026136000000264,61,801.140471839489,1281.9727134234142,6.409123774715912,10.255781707387314
brio101,green,350,11.707229356,36.026136000000264,7,1925.0704526782383,2256.9877481124404,15.400563621425906,18.055901984899524
brio101,red,351,11.739297277999999,32.06792199999953,66,769.601199377382,1367.1374932555636,6.156809595019057,10.93709994604451
brio101,green,351,11.739297277999999,32.06792199999953,10,2209.325179138009,2307.545786570692,17.674601433104073,18.46036629256554
brio101,red,352,11.771200903999999,31.903626000000074,70,786.6413734160935,1310.4951225865832,6.293130987328748,10.483960980692666
brio101,green,352,11.771200903999999,31.903626000000074,4,2108.743781363768,2288.94167472842,16.869950250910144,18.31153339782736
brio101,red,353,11.807226856,36.02595200000103,70,650.0513126190406,1141.3427660946406,5.200410500952325,9.130742128757126
brio101,green,353,11.807226856,36.02595200000103,1,1248.2392105626366,1248.2392105626366,9.985913684501092,9.985913684501092
brio101,red,354,11.839271480999999,32.04462499999927,62,720.13948943426,1311.119734005329,5.761115915474081,10.488957872042633
brio101,green,354,11.839271480999999,32.04462499999927,3,3100.840849175308,4005.499982688557,24.806726793402465,32.04399986150845
brio101,red,355,11.871210107,31.938626000000525,66,745.4355060189257,1319.2110946798944,5.963484048151406,10.553688757439156
brio101,green,355,11.871210107,31.938626000000525,3,3362.211702469804,3419.780051100568,26.897693619758435,27.358240408804544
brio101,red,356,11.90733528,36.12517300000029,67,609.4921965665272,1187.6769521046135,4.875937572532218,9.501415616836908
brio101,green,356,11.90733528,36.12517300000029,1,2535.681116341204,2535.681116341204,20.285448930729633,20.285448930729633
brio101,red,357,11.939260535999999,31.92525599999918,68,791.7503776308224,1459.398830983637,6.33400302104658,11.675190647869096
brio101,green,357,11.939260535999999,31.92525599999918,0,,,,
brio101,red,358,11.971256661,31.99612500000093,63,796.7195806152589,1305.7163183147618,6.3737566449220715,10.445730546518094
brio101,green,358,11.971256661,31.99612500000093,12,2403.516125468909,2659.368843651213,19.228129003751274,21.274950749209705
brio101,red,359,12.007230760999999,35.9740999999989,71,534.7084120511872,799.8978332402537,4.277667296409498,6.39918266592203
brio101,green,359,12.007230760999999,35.9740999999989,31,1569.469978498254,1680.292946895278,12.555759827986032,13.442343575162223
brio101,red,360,12.039312941999999,32.08218099999982,75,559.4341786808995,801.291753222685,4.475473429447196,6.41033402578148
brio101,green,360,12.039312941999999,32.08218099999982,46,1268.6919186935834,1409.4265467760752,10.149535349548668,11.275412374208601
brio101,red,361,12.071247753,31.934811000001062,72,427.9440424519877,828.748017883329,3.4235523396159016,6.629984143066632
brio101,green,361,12.071247753,31.934811000001062,17,1831.201194753587,2113.8089433901237,14.649609558028697,16.91047154712099
brio101,red,362,12.107262204,36.01445099999978,71,539.9203413460244,1073.2588877162389,4.319362730768195,8.58607110172991
brio101,green,362,12.107262204,36.01445099999978,0,,,,
brio101,red,363,12.140336606,33.07440200000045,68,670.9804773517869,1268.1570886638929,5.367843818814296,10.145256709311145
brio101,green,363,12.140336606,33.07440200000045,0,,,,
brio101,red,364,12.176248224,35.91161800000009,62,572.8151056256681,1035.340389902768,4.582520845005345,8.282723119222144
brio101,green,364,12.176248224,35.91161800000009,0,,,,
brio101,red,365,12.207251148,31.002923999999155,67,448.98719237794336,914.0423598672311,3.591897539023547,7.312338878937849
brio101,green,365,12.207251148,31.002923999999155,1,3027.6971975821157,3027.6971975821157,24.221577580656927,24.221577580656927
brio101,red,366,12.239278902999999,32.02775499999966,71,388.29575326273545,734.5906397935389,3.1063660261018837,5.876725118348311
brio101,green,366,12.239278902999999,32.02775499999966,9,2770.6867149922846,2952.1728315076602,22.165493719938276,23.61738265206128
brio101,red,367,12.275299447,36.02054400000121,69,304.54236234003366,546.1007702544135,2.4363388987202694,4.368806162035308
brio101,green,367,12.275299447,36.02054400000121,19,2255.01266615917,2404.147679298413,18.04010132927336,19.233181434387305
brio101,red,368,12.307248795,31.94934799999949,75,260.03071730543525,541.125991523441,2.080245738443482,4.329007932187529
brio101,green,368,12.307248795,31.94934799999949,27,1921.7190779751788,2058.7488905305286,15.373752623801431,16.469991124244228
brio101,red,369,12.339302513,32.05371800000023,77,184.00124963953922,386.38566395788325,1.4720099971163139,3.0910853116630665
brio101,green,369,12.339302513,32.05371800000023,34,1448.314732150776,1818.0509457942126,11.586517857206209,14.544407566353701
brio101,red,370,12.375262687,35.96017399999951,78,208.99852544878462,396.9966460798179,1.671988203590277,3.175973168638543
brio101,green,370,12.375262687,35.96017399999951,26,1344.3159743732692,1515.577176928697,10.754527794986155,12.12461741542958
brio101,red,371,12.407242349999999,31.979662999999547,72,364.59536118412643,523.9083687314724,2.916762889473012,4.191266949851778
brio101,green,371,12.407242349999999,31.979662999999547,14,2300.0106587166265,2434.417681766495,18.40008526973301,19.47534145413196
brio101,red,372,12.439309105,32.06675500000067,72,300.3213624274174,570.4771629385884,2.4025708994193393,4.563817303508707
brio101,green,372,12.439309105,32.06675500000067,17,2710.687034859424,2852.681086879602,21.68549627887539,22.821448695036818
brio101,red,373,12.47530276,35.9936550000004,76,322.9676071552867,502.2643977582297,2.5837408572422937,4.018115182065838
brio101,green,373,12.47530276,35.9936550000004,11,1863.6715210622103,2012.3112305586883,14.909372168497683,16.098489844469505
brio101,red,374,12.507262867,31.960106999999738,75,401.1578728151099,519.461529693185,3.209262982520879,4.15569223754548
brio101,green,374,12.507262867,31.960106999999738,19,1537.528710324754,1845.2409866092717,12.300229682598033,14.761927892874175
brio101,red,375,12.539303382,32.04051500000027,76,282.0056815035836,342.8458387224329,2.256045452028669,2.7427667097794637
brio101,green,375,12.539303382,32.04051500000027,26,1532.2081461174919,1778.7107531745476,12.257665168939935,14.229686025396381
brio101,red,376,12.575307018,36.00363600000023,78,195.4435549985846,247.80084726299378,1.563548439988677,1.9824067781039503
brio101,green,376,12.575307018,36.00363600000023,21,1607.731663051105,1775.8964395194982,12.86185330440884,14.207171516155986
brio101,red,377,12.607322533,32.01551499999944,76,241.88939418967263,307.5639723442299,1.9351151535173812,2.4605117787538395
brio101,green,377,12.607322533,32.01551499999944,16,1778.5235798515457,1913.628160443941,14.228188638812366,15.309025283551527
brio101,red,378,12.639305547,31.9830139999997,75,237.7425625793871,282.27193540607647,1.901940500635097,2.2581754832486123
brio101,green,378,12.639305547,31.9830139999997,16,1651.55464983279,1953.021158879523,13.212437198662318,15.624169271036184
brio101,red,379,12.67532374,36.01819300000031,76,204.61980829580955,242.9061931087915,1.6369584663664765,1.9432495448703322
brio101,green,379,12.67532374,36.01819300000031,24,1450.864095050244,1760.1649968359675,11.60691276040195,14.08131997468774
brio101,red,380,12.707286495,31.962755000000342,76,268.24218694320547,313.50501165335385,2.1459374955456436,2.508040093226831
brio101,green,380,12.707286495,31.962755000000342,26,2021.8293117195399,2227.808102695265,16.17463449375632,17.822464821562118
brio101,red,381,12.743333428,36.046932999999726,77,303.79053243526505,356.1317163998336,2.4303242594821204,2.849053731198669
brio101,green,381,12.743333428,36.046932999999726,15,1584.9201465731965,1700.9583647736429,12.679361172585573,13.607666918189144
brio101,red,382,12.775330683,31.99725500000028,72,387.08465520095365,479.54691738450146,3.096677241607629,3.836375339076012
brio101,green,382,12.775330683,31.99725500000028,26,1210.6414132377706,1424.5886751643284,9.685131305902164,11.396709401314626
brio101,red,383,12.807261439,31.930755999999505,73,384.4317183164898,476.2071116837149,3.0754537465319185,3.8096568934697195
brio101,green,383,12.807261439,31.930755999999505,29,907.6636414047953,1196.052129063029,7.261309131238362,9.568417032504234
brio101,red,384,12.84343926,36.177821000000776,75,361.5973217765773,460.1345955999455,2.8927785742126186,3.681076764799564
brio101,green,384,12.84343926,36.177821000000776,47,792.9363003415675,1043.0092023849497,6.34349040273254,8.344073619079598
brio101,red,385,12.875354904,31.915643999999688,77,477.0558350447767,559.0066107701329,3.8164466803582138,4.4720528861610624
brio101,green,385,12.875354904,31.915643999999688,44,1033.8252786475432,1155.6014131978027,8.270602229180346,9.244811305582422
brio101,red,386,12.90770364,32.348735999999434,76,509.2264863170143,652.5666710800294,4.073811890536114,5.220533368640236
brio101,green,386,12.90770364,32.348735999999434,49,788.7127079445885,929.6803208399522,6.309701663556708,7.437442566719618
brio101,red,387,12.944018091,36.31445100000086,70,368.02876432539256,466.7685415333579,2.9442301146031404,3.7341483322668636
brio101,green,387,12.944018091,36.31445100000086,54,585.3604994048004,726.3604714067067,4.682883995238403,5.810883771253653
brio101,red,388,12.976094179999999,32.076088999998476,76,357.9463403156011,451.03910532210824,2.863570722524809,3.608312842576866
brio101,green,388,12.976094179999999,32.076088999998476,44,747.654693784945,841.1321817069592,5.98123755027956,6.729057453655673
brio101,red,389,13.007274065999999,31.179886000000323,76,480.69189535751684,613.7535796095079,3.845535162860135,4.9100286368760635
brio101,green,389,13.007274065999999,31.179886000000323,33,1002.7392719841987,1105.4980136374431,8.02191417587359,8.843984109099544
brio101,red,390,13.04392122,36.647154000000626,76,412.68313511421684,541.8169227339889,3.3014650809137347,4.334535381871912
brio101,green,390,13.04392122,36.647154000000626,39,834.6654208518218,988.0360980500919,6.677323366814574,7.904288784400736
brio101,red,391,13.075339254,31.41803399999965,76,523.6759878084447,683.4003334273564,4.189407902467558,5.46720266741885
brio101,green,391,13.075339254,31.41803399999965,43,831.1540880180772,1111.5841561091372,6.649232704144618,8.892673248873098
brio101,red,392,13.10728775,31.94849600000005,69,635.4597319867523,835.703535288895,5.0836778558940185,6.685628282311161
brio101,green,392,13.10728775,31.94849600000005,49,668.5270038942707,935.9439066705302,5.348216031154165,7.487551253364241
brio101,red,393,13.143329091,36.04134100000067,69,550.8003079732899,773.3893451974654,4.4064024637863195,6.187114761579724
brio101,green,393,13.143329091,36.04134100000067,54,529.6233117777929,732.1490838285123,4.236986494222343,5.857192670628098
brio101,red,394,13.175310012999999,31.980921999998912,73,381.90277108742936,561.9965664588243,3.055222168699435,4.495972531670595
brio101,green,394,13.175310012999999,31.980921999998912,57,505.688329884962,614.1962802916665,4.045506639079696,4.913570242333332
brio101,red,395,13.207353268,32.04325500000138,72,321.2875256209374,478.6896859993702,2.5703002049674994,3.829517487994962
brio101,green,395,13.207353268,32.04325500000138,62,373.6481073756814,501.8430756014774,2.9891848590054515,4.014744604811819
brio101,red,396,13.243507014999999,36.153746999998404,70,462.16848537533434,629.9808379741195,3.697347883002675,5.039846703792955
brio101,green,396,13.243507014999999,36.153746999998404,46,597.214450342216,786.1465652272294,4.777715602737728,6.289172521817836
brio101,red,397,13.275335678,31.828663000000645,72,673.949569357992,872.1006202041999,5.391596554863936,6.976804961633599
brio101,green,397,13.275335678,31.828663000000645,30,1280.5165593596794,1423.0780919140384,10.244132474877436,11.384624735312306
brio101,red,398,13.311672999999999,36.33732199999962,74,557.8888484496358,747.8920210488917,4.463110787597087,5.983136168391133
brio101,green,398,13.311672999999999,36.33732199999962,27,1237.7682839072868,1454.736260023935,9.902146271258294,11.637890080191482
brio101,red,399,13.344797753,33.12475300000095,76,503.11071163043965,677.522246408776,4.024885693043517,5.420177971270208
brio101,green,399,13.344797753,33.12475300000095,43,871.3075665373655,1089.88521310916,6.970460532298924,8.719081704873282
brio101,red,400,13.375331807,30.53405400000031,76,553.5836070868754,756.318142280187,4.428668856695004,6.050545138241496
brio101,green,400,13.375331807,30.53405400000031,44,610.8775876432111,764.5613727537847,4.887020701145689,6.116490982030276
brio101,red,401,13.411359832999999,36.02802599999855,72,476.67268861041066,644.3497972448235,3.8133815088832854,5.154798377958588
brio101,green,401,13.411359832999999,36.02802599999855,54,529.8895879742768,662.628125241674,4.239116703794213,5.301025001933391
brio101,red,402,13.443374051,32.01421800000048,71,682.3170623138964,837.658049716219,5.4585364985111715,6.7012643977297515
brio101,green,402,13.443374051,32.01421800000048,56,613.3989866221939,732.2133705231587,4.907191892977552,5.85770696418527
brio101,red,403,13.475299788,31.9257369999999,67,1181.104808453094,1388.8248905814928,9.448838467624752,11.110599124651944
brio101,green,403,13.475299788,31.9257369999999,54,419.07198468960746,503.83303445016986,3.35257587751686,4.030664275601358
brio101,red,404,13.511307646999999,36.0078589999997,70,1014.8825394665796,1175.8017002005367,8.119060315732638,9.406413601604294
brio101,green,404,13.511307646999999,36.0078589999997,58,414.2932082486664,515.6948676243268,3.3143456659893316,4.125558940994614
brio101,red,405,13.543394309,32.0866620000011,66,1433.7920800996533,1661.7838734912423,11.470336640797226,13.294270987929938
brio101,green,405,13.543394309,32.0866620000011,48,590.2266948185236,942.3097615282413,4.721813558548188,7.538478092225931
brio101,red,406,13.575384231,31.989921999999282,61,1376.7017892277454,1633.1749481509353,11.013614313821963,13.065399585207482
brio101,green,406,13.575384231,31.989921999999282,50,590.904477430849,780.6097823030585,4.727235819446793,6.2448782584244675
brio101,red,407,13.611319330999999,35.935099999999665,66,937.393607295586,1170.1927370612557,7.499148858364688,9.361541896490044
brio101,green,407,13.611319330999999,35.935099999999665,47,406.4007875058677,525.4830766259316,3.2512063000469418,4.203864613007454
brio101,red,408,13.644073491999999,32.754160999999726,70,940.826678246455,1097.0400872682865,7.5266134259716395,8.776320698146291
brio101,green,408,13.644073491999999,32.754160999999726,44,196.84132793567676,282.96652868048614,1.5747306234854141,2.263732229443889
brio101,red,409,13.675321581999999,31.24809000000006,68,1099.519787733796,1282.197570960057,8.796158301870369,10.257580567680456
brio101,green,409,13.675321581999999,31.24809000000006,56,254.43811396257104,372.80122869495295,2.0355049117005684,2.9824098295596237
brio101,red,410,13.711319052,35.99747000000164,68,1035.4024500717367,1263.1939015124885,8.283219600573894,10.105551212099908
brio101,green,410,13.711319052,35.99747000000164,51,303.4151524568076,498.24989513160904,2.427321219654461,3.985999161052872
brio101,red,411,13.743729325,32.41027299999999,68,1223.1043345707685,1450.7584602402662,9.784834676566149,11.60606768192213
brio101,green,411,13.743729325,32.41027299999999,54,239.29049300380018,449.57318561480156,1.9143239440304014,3.5965854849184127
brio101,red,412,13.775657692,31.928366999999014,63,1366.400212158988,1569.726538801357,10.931201697271906,12.557812310410856
brio101,green,412,13.775657692,31.928366999999014,52,196.25036279094434,375.84420500292066,1.570002902327555,3.006753640023365
brio101,red,413,13.811323625,35.66593300000065,69,1260.736143679563,1473.1377369193974,10.085889149436504,11.78510189535518
brio101,green,413,13.811323625,35.66593300000065,45,110.75280121524527,347.1140713280899,0.8860224097219622,2.7769125706247193
brio101,red,414,13.843789176,32.46555099999959,61,1493.6234690611002,1763.273297493846,11.948987752488803,14.106186379950769
brio101,green,414,13.843789176,32.46555099999959,42,194.34925996302917,890.9502444081166,1.5547940797042332,7.127601955264933
brio101,red,415,13.879355554,35.5663780000004,70,1284.7093793871286,1501.4230497346502,10.27767503509703,12.011384397877203
brio101,green,415,13.879355554,35.5663780000004,44,145.76804975076254,605.1055645913335,1.1661443980061004,4.840844516730669
brio101,red,416,13.911344513,31.98895899999954,70,1162.7917723943485,1362.9886330152165,9.302334179154787,10.903909064121732
brio101,green,416,13.911344513,31.98895899999954,49,263.72214958239357,850.1539154943894,2.1097771966591488,6.801231323955115
brio101,red,417,13.944736118,33.39160500000027,68,1162.0221022114094,1340.0891151581936,9.296176817691276,10.72071292126555
brio101,green,417,13.944736118,33.39160500000027,42,295.6258296665817,857.4778907297207,2.365006637332654,6.8598231258377655
brio101,red,418,13.980307865999999,35.57174799999885,65,1231.1922104092525,1416.3332894905755,9.84953768327402,11.330666315924603
brio101,green,418,13.980307865999999,35.57174799999885,50,192.96199165765972,781.4401096668097,1.543695933261278,6.251520877334477
brio101,red,419,14.011335085999999,31.027220000000355,60,1527.8631413592657,1773.9385649487442,12.222905130874127,14.191508519589954
brio101,green,419,14.011335085999999,31.027220000000355,49,272.4681930775825,1110.012513719573,2.17974554462066,8.880100109756585
brio101,red,420,14.04342586,32.090774000000266,61,1330.4397711851518,1600.869654153624,10.643518169481215,12.806957233228992
brio101,green,420,14.04342586,32.090774000000266,48,321.40381253590624,1097.1442603153475,2.5712305002872498,8.77715408252278
brio101,red,421,14.079372848,35.94698800000096,55,1142.4864620228482,1362.3382299799443,9.139891696182785,10.898705839839554
brio101,green,421,14.079372848,35.94698800000096,54,463.3880261206008,931.6645420966078,3.707104208964806,7.453316336772862
brio101,red,422,14.111329288999999,31.956440999998392,60,1474.7008751781204,1661.7566146795577,11.797607001424964,13.294052917436463
brio101,green,422,14.111329288999999,31.956440999998392,50,435.4859898836605,1174.788762265477,3.483887919069284,9.398310098123815
brio101,red,423,14.144264339,32.93505000000074,56,1606.233380051164,1823.8285845054759,12.849867040409311,14.590628676043808
brio101,green,423,14.144264339,32.93505000000074,51,562.5053700298525,1066.2739813320027,4.5000429602388206,8.530191850656024
brio101,red,424,14.179373829,35.109489999999965,57,1346.0444531668045,1604.4455860251603,10.768355625334436,12.835564688201282
brio101,green,424,14.179373829,35.109489999999965,39,636.8383850499946,1193.9172051324565,5.094707080399957,9.551337641059652
brio101,red,425,14.212008268,32.634439000000626,61,848.258158842702,1460.7849330970407,6.786065270741616,11.686279464776327
brio101,green,425,14.212008268,32.634439000000626,43,705.3718657616973,1356.1050917808798,5.642974926093578,10.84884073424704
brio101,red,426,14.243504895,31.496626999999222,61,743.5142998392345,1176.1612343329036,5.948114398713876,9.40928987466323
brio101,green,426,14.243504895,31.496626999999222,54,637.711705006354,1363.728504764647,5.101693640050833,10.909828038117174
brio101,red,427,14.279372901999999,35.86800699999948,64,523.7799406267995,1003.5870945713787,4.1902395250143964,8.02869675657103
brio101,green,427,14.279372901999999,35.86800699999948,63,538.1660719380837,1134.2642511855026,4.30532857550467,9.074114009484022
brio101,red,428,14.311356657,31.983755000000613,66,537.1881754571609,935.4971352981948,4.297505403657288,7.483977082385559
brio101,green,428,14.311356657,31.983755000000613,56,641.3875608555392,1381.5689361523039,5.131100486844313,11.05255148921843
brio101,red,429,14.344363096,33.00643900000111,54,502.9114884669926,857.5243391908709,4.02329190773594,6.860194713526968
brio101,green,429,14.344363096,33.00643900000111,57,693.7021146093838,1405.8007659213756,5.54961691687507,11.246406127371005
brio101,red,430,14.379379715999999,35.01661999999861,53,348.4573367124952,685.2458685048985,2.7876586936999614,5.4819669480391875
brio101,green,430,14.379379715999999,35.01661999999861,55,548.7928220313942,1198.8294708870922,4.390342576251153,9.590635767096739
brio101,red,431,14.411368359999999,31.98864400000012,58,367.15843877039924,756.1541277920617,2.9372675101631938,6.049233022336494
brio101,green,431,14.411368359999999,31.98864400000012,58,713.0263376316059,1455.866236801682,5.704210701052847,11.646929894413455
brio101,red,432,14.447640126,36.27176600000048,41,798.33529027474,1346.4521156381397,6.38668232219792,10.771616925105118
brio101,green,432,14.447640126,36.27176600000048,59,629.0077095714355,1149.1945044259273,5.032061676571484,9.193556035407418
brio101,red,433,14.480939323,33.299196999999836,22,1359.477318970069,2007.7428423732174,10.875818551760553,16.06194273898574
brio101,green,433,14.480939323,33.299196999999836,57,884.6873240106619,1238.8967256066562,7.077498592085295,9.911173804853249
brio101,red,434,14.511354729999999,30.41540699999956,14,1605.0360665057183,2089.6670899889145,12.840288532045747,16.71733671991132
brio101,green,434,14.511354729999999,30.41540699999956,61,980.862562898161,1262.1526055450677,7.846900503185288,10.097220844360542
brio101,red,435,14.547372088,36.0173580000005,25,1225.767716899792,1758.7127104249348,9.806141735198336,14.069701683399478
brio101,green,435,14.547372088,36.0173580000005,67,749.0852834682388,1033.4355273188414,5.99268226774591,8.267484218550731
brio101,red,436,14.579422509999999,32.0504219999993,38,928.0829791684002,1436.3660910055671,7.424663833347203,11.490928728044539
brio101,green,436,14.579422509999999,32.0504219999993,54,911.0010638530927,1180.3698008208123,7.288008510824742,9.442958406566499
brio101,red,437,14.611368728999999,31.946218999999942,44,789.0142958867045,1148.5633465724525,6.312114367093637,9.18850677257962
brio101,green,437,14.611368728999999,31.946218999999942,66,838.2491183240245,1149.9409405053693,6.705992946592196,9.199527524042955
brio101,red,438,14.64762642,36.2576910000012,44,615.3850940223135,935.6255628681605,4.9230807521785085,7.4850045029452845
brio101,green,438,14.64762642,36.2576910000012,58,719.1732835589987,1025.3077860064063,5.75338626847199,8.202462288051251
brio101,red,439,14.679433417,31.806997000000337,49,699.4504624656163,948.5258420274533,5.59560369972493,7.588206736219627
brio101,green,439,14.679433417,31.806997000000337,66,958.8550077799036,1313.6375804188074,7.670840062239229,10.50910064335046
brio101,red,440,14.711377856999999,31.94443999999841,52,517.7366031799447,757.3196673236845,4.141892825439557,6.058557338589476
brio101,green,440,14.711377856999999,31.94443999999841,63,868.2889587452631,1185.8117573222792,6.946311669962105,9.486494058578232
brio101,red,441,14.747425586,36.04772900000164,52,457.8276133671635,662.647457918448,3.662620906937308,5.301179663347584
brio101,green,441,14.747425586,36.04772900000164,64,757.341308426465,1082.079909317767,6.058730467411721,8.656639274542135
brio101,red,442,14.77953973,32.114143999999456,40,453.34581924131027,590.9498497571163,3.626766553930482,4.72759879805693
brio101,green,442,14.77953973,32.114143999999456,57,791.4132159257613,1053.6611225943977,6.33130572740609,8.429288980755183
brio101,red,443,14.811384559999999,31.844829999998936,47,252.86484243979274,347.28804752308946,2.022918739518342,2.7783043801847156
brio101,green,443,14.811384559999999,31.844829999998936,59,770.4789352336655,1158.780797400169,6.163831481869324,9.270246379201351
brio101,red,444,14.847371808,35.987248000001415,47,137.50277376482822,288.04197107970356,1.1000221901186258,2.3043357686376287
brio101,green,444,14.847371808,35.987248000001415,63,551.1182522778025,975.5980668959127,4.40894601822242,7.804784535167301
brio101,red,445,14.881963762,34.5919539999997,54,120.88672179943657,276.07486783582743,0.9670937743954926,2.2085989426866193
brio101,green,445,14.881963762,34.5919539999997,56,633.9724222994557,1054.8084754185102,5.071779378395646,8.438467803348082
brio101,red,446,14.911356095999999,29.392333999998854,50,212.72082819244352,467.24324932192883,1.7017666255395483,3.7379459945754308
brio101,green,446,14.911356095999999,29.392333999998854,57,868.3368551296968,1355.3323981257124,6.946694841037575,10.842659185005699
brio101,red,447,14.947398139999999,36.04204400000022,55,341.4064709514381,553.3938184205057,2.731251767611505,4.427150547364046
brio101,green,447,14.947398139999999,36.04204400000022,59,729.7136133229282,1209.3971664602404,5.837708906583425,9.675177331681924
brio101,red,448,14.979437136,32.03899600000071,50,548.907691496486,759.4808915176728,4.391261531971887,6.075847132141383
brio101,green,448,14.979437136,32.03899600000071,52,894.1684441422783,1515.439743612307,7.153347553138227,12.123517948898455
brio101,red,449,15.015376514,35.93937800000013,50,453.51829409501505,670.2633410678078,3.6281463527601208,5.362106728542463
brio101,green,449,15.015376514,35.93937800000013,42,858.9914011169878,1428.166355179663,6.871931208935903,11.425330841437303
brio101,red,450,15.04740488,32.028366000000474,44,435.07662668224646,637.7346416148729,3.4806130134579716,5.101877132918984
brio101,green,450,15.04740488,32.028366000000474,35,1107.57364252248,1698.4344895580796,8.86058914017984,13.587475916464637
brio101,red,451,15.079428245999999,32.02336599999889,36,371.6118650224442,630.1071780236557,2.9728949201795536,5.040857424189246
brio101,green,451,15.079428245999999,32.02336599999889,50,1076.7919796998087,1741.9928207119444,8.61433583759847,13.935942565695557
brio101,red,452,15.115383105,35.95485900000028,45,404.7154010476515,575.8488936604718,3.2377232083812117,4.606791149283774
brio101,green,452,15.115383105,35.95485900000028,50,841.5984451358711,1449.7234833943987,6.732787561086969,11.59778786715519
brio101,red,453,15.147405583,32.02247800000002,42,531.9705021825021,771.5823252454843,4.255764017460017,6.1726586019638745
brio101,green,453,15.147405583,32.02247800000002,52,900.199673324747,1751.9730267289603,7.201597386597976,14.015784213831683
brio101,red,454,15.17940643,32.00084700000083,48,595.3348760573652,755.3625170090323,4.762679008458922,6.042900136072258
brio101,green,454,15.17940643,32.00084700000083,57,1043.8749138179628,1633.0387571387516,8.350999310543703,13.064310057110013
brio101,red,455,15.21541003,36.003599999999025,51,490.80193780719225,671.125883609978,3.9264155024575382,5.369007068879824
brio101,green,455,15.21541003,36.003599999999025,50,1060.4149366249676,1606.0876964126417,8.483319492999742,12.848701571301133
brio101,red,456,15.247431378,32.02134800000067,49,484.9264716551716,773.3283362172169,3.879411773241373,6.186626689737736
brio101,green,456,15.247431378,32.02134800000067,55,1154.0479576775426,1833.1964008495092,9.232383661420341,14.665571206796075
brio101,red,457,15.279471207,32.03982900000035,30,401.50011194831,766.5644177601653,3.2120008955864803,6.132515342081322
brio101,green,457,15.279471207,32.03982900000035,51,1089.6364120794783,1525.6459083886027,8.717091296635827,12.205167267108823
brio101,red,458,15.315463973,35.992765999999676,44,570.4346850182797,979.8391691554366,4.563477480146237,7.8387133532434925
brio101,green,458,15.315463973,35.992765999999676,52,1052.9948140073243,1637.1516130911746,8.423958512058595,13.097212904729396
brio101,red,459,15.347411876999999,31.947903999999028,41,593.6673833735463,1670.4414544326994,4.74933906698837,13.363531635461596
brio101,green,459,15.347411876999999,31.947903999999028,56,1055.3444539322768,1694.4052590285478,8.442755631458214,13.555242072228383
brio101,red,460,15.379444853999999,32.03297700000007,32,1289.086627578965,1504.7673044074372,10.31269302063172,12.038138435259498
brio101,green,460,15.379444853999999,32.03297700000007,48,1065.717530902123,2057.7073350255328,8.525740247216984,16.461658680204263
brio101,red,461,15.415430064999999,35.98521099999985,36,706.643385305309,1307.6498214328992,5.653147082442473,10.461198571463195
brio101,green,461,15.415430064999999,35.98521099999985,44,937.9635545575704,1689.1770224953323,7.503708436460564,13.513416179962658
brio101,red,462,15.447449135,32.01907000000048,38,1362.0780344753612,1776.6128263529836,10.896624275802889,14.21290261082387
brio101,green,462,15.447449135,32.01907000000048,47,907.6916425000778,1807.5941799600994,7.261533140000623,14.460753439680795
brio101,red,463,15.479494502,32.04536700000027,47,1114.6848146188033,1612.8077664266903,8.917478516950426,12.902462131413523
brio101,green,463,15.479494502,32.04536700000027,47,944.5577227599986,1792.7482180546815,7.556461782079989,14.341985744437453
brio101,red,464,15.51540112,35.90661800000028,48,1087.777640174938,1360.475192109034,8.702221121399504,10.883801536872273
brio101,green,464,15.51540112,35.90661800000028,42,808.2099065316353,1482.127311324455,6.465679252253082,11.857018490595639
brio101,red,465,15.54743819,32.037069999999446,54,954.8890118342697,1389.9214610518168,7.639112094674157,11.119371688414533
brio101,green,465,15.54743819,32.037069999999446,55,1064.1419081512618,1509.0951234613328,8.513135265210094,12.072760987690662
brio101,red,466,15.583557252,36.11906200000092,57,633.7287348616273,1333.8881153368384,5.069829878893019,10.671104922694708
brio101,green,466,15.583557252,36.11906200000092,45,1108.5368737549238,1550.0537946470295,8.868294990039391,12.400430357176235
brio101,red,467,15.615440396999999,31.883144999998336,58,929.7131584171716,1677.1829751920232,7.437705267337373,13.417463801536185
brio101,green,467,15.615440396999999,31.883144999998336,47,1016.2128653053219,1481.9968876064727,8.129702922442576,11.855975100851783
brio101,red,468,15.647410004,31.96960700000062,55,1076.4652814826482,1760.1480778854614,8.611722251861185,14.081184623083692
brio101,green,468,15.647410004,31.96960700000062,48,836.3862570791391,1483.2757196514156,6.691090056633112,11.866205757211326
brio101,red,469,15.683464750999999,36.054746999999665,49,944.760556944716,1576.3372592343546,7.558084455557728,12.610698073874838
brio101,green,469,15.683464750999999,36.054746999999665,53,406.6503359323378,728.7848485273153,3.2532026874587023,5.830278788218523
brio101,red,470,15.715409469999999,31.944719000000177,56,1077.197124235875,1854.7175255203588,8.617576993886999,14.83774020416287
brio101,green,470,15.715409469999999,31.944719000000177,48,448.7775181848645,751.9852506579601,3.590220145478916,6.015882005263681
brio101,red,471,15.747422706,32.013236000000944,64,1037.6321010366835,1900.2189115595918,8.301056808293467,15.201751292476734
brio101,green,471,15.747422706,32.013236000000944,46,400.6986214661206,911.5212116551072,3.205588971728965,7.292169693240858
brio101,red,472,15.783504158,36.08145199999946,63,949.2001062873221,1668.7721096975574,7.593600850298577,13.350176877580461
brio101,green,472,15.783504158,36.08145199999946,41,218.05357353319943,526.6938277087497,1.7444285882655954,4.213550621669998
brio101,red,473,15.815584987,32.080828999999866,61,1154.891772914083,1888.9795826734185,9.239134183312665,15.111836661387349
brio101,green,473,15.815584987,32.080828999999866,46,284.1195655477385,614.3771053863754,2.2729565243819074,4.915016843091003
brio101,red,474,15.847408854,31.82386699999995,60,1149.8764813673915,1802.994677673617,9.199011850939133,14.423957421388938
brio101,green,474,15.847408854,31.82386699999995,47,263.6653823507223,665.5012824560571,2.1093230588057788,5.324010259648456
brio101,red,475,15.883494842,36.08598799999996,61,907.7615127457854,1556.3008595424171,7.262092101966283,12.450406876339338
brio101,green,475,15.883494842,36.08598799999996,48,190.8678578415926,525.4489778155793,1.5269428627327408,4.2035918225246345
brio101,red,476,15.915443857,31.949015000000358,64,757.0739341615358,1688.0521152045144,6.056591473292287,13.504416921636116
brio101,green,476,15.915443857,31.949015000000358,49,327.3799778800762,634.0823891158608,2.6190398230406093,5.072659112926886
brio101,red,477,15.947446816,32.00295899999972,66,805.7700334101373,1754.2851035976485,6.446160267281098,14.034280828781188
brio101,green,477,15.947446816,32.00295899999972,54,668.9103614703031,848.7966384103797,5.351282891762425,6.790373107283038
brio101,red,478,15.983657340999999,36.21052499999955,62,699.1321678799118,1513.4198968623566,5.593057343039295,12.107359174898853
brio101,green,478,15.983657340999999,36.21052499999955,58,575.229911696891,750.9076300442076,4.601839293575129,6.0072610403536615
brio101,red,479,16.015466282,31.808940999999535,57,736.4405841331501,1655.2846460271107,5.8915246730652004,13.242277168216887
brio101,green,479,16.015466282,31.808940999999535,48,543.4454566520951,754.6370947341499,4.347563653216761,6.037096757873199
brio101,red,480,16.047446778,31.980496000002745,65,701.5678929155156,1667.4791470669727,5.612543143324125,13.33983317653578
brio101,green,480,16.047446778,31.980496000002745,52,495.5394384823134,718.0971238902406,3.9643155078585073,5.744776991121925
brio101,red,481,16.083746266,36.29948799999738,63,836.2417508817185,1437.913848479389,6.689934007053749,11.503310787835114
brio101,green,481,16.083746266,36.29948799999738,50,535.9587203427808,812.2776970812596,4.287669762742246,6.498221576650077
brio101,red,482,16.115524281,31.778015000000437,56,886.1801910586072,1581.0298230752167,7.089441528468858,12.648238584601732
brio101,green,482,16.115524281,31.778015000000437,50,698.9583931921118,896.4586650211991,5.591667145536895,7.171669320169593
brio101,red,483,16.151453158,35.928876999999915,61,797.1500610145207,1364.2086638749672,6.3772004881161655,10.913669310999738
brio101,green,483,16.151453158,35.928876999999915,44,593.9701049964603,771.4020379501441,4.751760839971682,6.1712163036011525
brio101,red,484,16.183653598,32.20044000000044,62,1006.2027923593265,1561.0164211688764,8.049622338874613,12.488131369351011
brio101,green,484,16.183653598,32.20044000000044,41,555.0730203063755,878.0973999111546,4.440584162451004,7.024779199289237
brio101,red,485,16.215464558,31.810960000001387,51,1186.2485125152086,1543.6045901233404,9.48998810012167,12.348836720986723
brio101,green,485,16.215464558,31.810960000001387,49,541.3871919552969,723.2719347728362,4.3310975356423755,5.786175478182689
brio101,red,486,16.251433342,35.96878399999781,48,1249.477993773343,1714.0236610570585,9.995823950186745,13.71218928845647
brio101,green,486,16.251433342,35.96878399999781,42,423.91280993593057,695.5982891944267,3.391302479487445,5.564786313555413
brio101,red,487,16.283475153,32.041811000002696,53,1277.6888541297596,1736.0770341904217,10.221510833038078,13.888616273523374
brio101,green,487,16.283475153,32.041811000002696,44,424.0027232281743,544.1482816963637,3.3920217858253947,4.35318625357091
brio101,red,488,16.315462501,31.987347999997695,59,1136.3110268140035,1871.5773779683198,9.090488214512028,14.972619023746557
brio101,green,488,16.315462501,31.987347999997695,52,561.5303418587064,670.9017855518122,4.492242734869651,5.367214284414497
brio101,red,489,16.351554378,36.091877000000494,67,783.2285827248477,1397.8266772653246,6.265828661798782,11.182613418122596
brio101,green,489,16.351554378,36.091877000000494,52,480.002449004171,536.0926917502977,3.840019592033368,4.288741534002382
brio101,red,490,16.383558319,32.00394099999926,59,1033.193542573917,1751.8981953428663,8.265548340591337,14.015185562742932
brio101,green,490,16.383558319,32.00394099999926,49,570.3816285979941,630.56811247512,4.563053028783953,5.04454489980096
brio101,red,491,16.416465293999998,32.906974999999505,63,1282.5373651704226,1746.4692754996997,10.26029892136338,13.9717542039976
brio101,green,491,16.416465293999998,32.906974999999505,44,558.0942664455197,629.4913643513951,4.464754131564158,5.0359309148111615
brio101,red,492,16.45147384,35.00854600000025,57,1126.8977161883643,1648.313598651863,9.015181729506914,13.186508789214905
brio101,green,492,16.45147384,35.00854600000025,45,603.5137699361572,768.3555893516282,4.828110159489258,6.1468447148130245
brio101,red,493,16.483533207,32.059367000002226,58,1185.5663364789652,1779.7459479037104,9.484530691831722,14.237967583229684
brio101,green,493,16.483533207,32.059367000002226,42,618.2782746924121,1374.9716109893657,4.946226197539296,10.999772887914926
brio101,red,494,16.515446647,31.913440000000293,58,1305.5637146510371,1796.583713954097,10.444509717208298,14.372669711632776
brio101,green,494,16.515446647,31.913440000000293,42,638.3259206140287,1477.7580020226133,5.1066073649122306,11.822064016180907
brio101,red,495,16.551454747,36.0081000000001,56,1030.6331005883067,1584.5768281100632,8.245064804706452,12.676614624880505
brio101,green,495,16.551454747,36.0081000000001,39,591.9766382566072,1216.111882533622,4.735813106052857,9.728895060268979
brio101,red,496,16.584909924999998,33.45517799999698,55,1085.8313179052782,1706.452497432353,8.686650543242227,13.651619979458825
brio101,green,496,16.584909924999998,33.45517799999698,43,680.9825334104634,1374.1705537275268,5.447860267283707,10.993364429820215
brio101,red,497,16.615476183,30.566258000000346,54,1265.1322806917033,1934.7783927953678,10.121058245533625,15.478227142362943
brio101,green,497,16.615476183,30.566258000000346,50,759.8444548097341,1464.6571617201193,6.078755638477873,11.717257293760955
brio101,red,498,16.651479467999998,36.00328499999961,48,1242.6362277501648,1677.4695592267074,9.941089822001318,13.419756473813658
brio101,green,498,16.651479467999998,36.00328499999961,47,955.7971026920233,1438.368783345341,7.646376821536186,11.506950266762727
brio101,red,499,16.684350185,32.87071700000155,46,1274.240983386479,1764.336377309609,10.193927867091833,14.11469101847687
brio101,green,499,16.684350185,32.87071700000155,43,1094.478473409784,1531.1257722245966,8.755827787278273,12.249006177796772
brio101,red,500,16.719538582,35.18839699999887,55,930.4836627628406,1514.975141685495,7.443869302102725,12.11980113348396
brio101,green,500,16.719538582,35.18839699999887,46,1111.5764285012478,1640.8426406301492,8.892611428009982,13.126741125041194
brio101,red,501,16.751522818999998,31.984236999999638,48,648.8574986453135,1335.0693103920698,5.190859989162508,10.680554483136559
brio101,green,501,16.751522818999998,31.984236999999638,49,845.3928786634513,1453.3153406934844,6.76314302930761,11.626522725547876
brio101,red,502,16.783478203999998,31.955384999999836,56,554.6818816769141,1291.8551376659238,4.437455053415314,10.33484110132739
brio101,green,502,16.783478203999998,31.955384999999836,54,1306.1526018775298,1806.2984623461075,10.44922081502024,14.45038769876886
brio101,red,503,16.819562544,36.08434000000216,43,380.20082755948295,791.0504451971065,3.041606620475864,6.3284035615768515
brio101,green,503,16.819562544,36.08434000000216,51,730.8335567166531,1184.4876242526725,5.846668453733225,9.47590099402138
brio101,red,504,16.851491003,31.92845899999952,55,598.7601910375885,1003.1331240086535,4.790081528300708,8.025064992069227
brio101,green,504,16.851491003,31.92845899999952,44,1258.9632242247596,1861.9372590040743,10.071705793798078,14.895498072032593
brio101,red,505,16.883471888,31.980884999999404,46,432.4577204316479,873.5543416691205,3.4596617634531834,6.988434733352964
brio101,green,505,16.883471888,31.980884999999404,55,1001.0912924284781,1450.1392443591428,8.008730339427824,11.601113954873144
brio101,red,506,16.919618913,36.147025000001776,51,233.80046674138487,715.4026147439483,1.870403733931079,5.723220917951587
brio101,green,506,16.919618913,36.147025000001776,47,1087.7624215423032,1496.925510096536,8.702099372338425,11.97540408077229
brio101,red,507,16.951470688,31.851774999999805,46,338.568363341084,824.5024414603101,2.708546906728672,6.596019531682481
brio101,green,507,16.951470688,31.851774999999805,43,1351.496499208426,1705.1885879990698,10.811971993667408,13.641508703992558
brio101,red,508,16.983842497999998,32.371809999997225,51,326.95776080741297,713.063897803127,2.6156620864593036,5.7045111824250165
brio101,green,508,16.983842497999998,32.371809999997225,51,1365.7204486482156,1727.334299140116,10.925763589185724,13.81867439312093
brio101,red,509,17.019544838999998,35.70234100000036,56,243.25380233837348,557.2814519603885,1.9460304187069877,4.458251615683108
brio101,green,509,17.019544838999998,35.70234100000036,49,1198.3635954663648,1687.3187829317383,9.586908763730918,13.498550263453907
brio101,red,510,17.051518872,31.9740330000009,55,390.3846842807132,656.4362818828035,3.1230774742457057,5.2514902550624285
brio101,green,510,17.051518872,31.9740330000009,53,1389.5251300056516,1768.859887614611,11.116201040045214,14.150879100916889
brio101,red,511,17.083505682,31.986809999999366,60,391.057634196574,648.1495896393836,3.1284610735725917,5.185196717115069
brio101,green,511,17.083505682,31.986809999999366,47,1068.6167647657583,1600.831787895788,8.548934118126066,12.806654303166304
brio101,red,512,17.119815929999998,36.31024799999949,60,314.3381468853336,561.2287133301367,2.5147051750826686,4.4898297066410935
brio101,green,512,17.119815929999998,36.31024799999949,45,987.8223582352775,1472.169873693165,7.90257886588222,11.77735898954532
brio101,red,513,17.151894259,32.07832900000085,64,481.38562812077504,765.9714507439196,3.8510850249662,6.127771605951358
brio101,green,513,17.151894259,32.07832900000085,49,1083.0393601208752,1580.644379586057,8.664314880967002,12.645155036688456
brio101,red,514,17.184570346,32.67608700000224,54,654.0281411903459,830.0231979156536,5.232225129522767,6.640185583325229
brio101,green,514,17.184570346,32.67608700000224,50,1025.6094114583657,1689.6879401146189,8.204875291666927,13.517503520916952
brio101,red,515,17.219571096,35.00074999999825,51,491.4304054075325,677.6859375034376,3.9314432432602597,5.421487500027501
brio101,green,515,17.219571096,35.00074999999825,60,998.8806488950822,1494.4687891346448,7.991045191160659,11.955750313077157
brio101,red,516,17.25152911,31.958014000000645,56,536.5993451581949,664.8227523859414,4.292794761265558,5.318582019087531
brio101,green,516,17.25152911,31.958014000000645,57,946.5662129452012,1538.5541785444616,7.572529703561609,12.308433428355695
brio101,red,517,17.287571469,36.042358999999635,58,473.8337191904011,624.2235292735169,3.790669753523209,4.993788234188135
brio101,green,517,17.287571469,36.042358999999635,48,885.3961287183599,1421.5482745584782,7.083169029746879,11.372386196467826
brio101,red,518,17.319689632,32.11816299999981,56,464.13451742814203,608.7154631011766,3.7130761394251364,4.869723704809413
brio101,green,518,17.319689632,32.11816299999981,43,936.483151113178,1555.2773335788625,7.491865208905424,12.4422186686309
brio101,red,519,17.351503128,31.813496000001606,53,545.0342643122825,772.9654730223095,4.36027411449826,6.1837237841784765
brio101,green,519,17.351503128,31.813496000001606,41,1054.1237410666984,1709.3898401785812,8.432989928533587,13.67511872142865
brio101,red,520,17.387529357,36.0262289999973,45,540.0089658348163,756.7156257564275,4.32007172667853,6.053725006051421
brio101,green,520,17.387529357,36.0262289999973,48,934.4242063230988,1506.843207538589,7.475393650584791,12.054745660308711
brio101,red,521,17.419533613,32.00425600000045,48,632.8243417263953,892.3320368775937,5.062594733811163,7.13865629502075
brio101,green,521,17.419533613,32.00425600000045,52,1224.4799688645494,1970.4764549351444,9.795839750916397,15.763811639481155
brio101,red,522,17.452179663,32.646050000000315,50,640.3401680584386,833.784291909147,5.122721344467509,6.6702743352731755
brio101,green,522,17.452179663,32.646050000000315,49,1311.6489351389064,1869.9088867953676,10.493191481111252,14.95927109436294
brio101,red,523,17.487522356,35.34269300000048,46,628.7248698170565,987.7675439419779,5.0297989585364515,7.902140351535824
brio101,green,523,17.487522356,35.34269300000048,54,1053.4865756559348,1611.6894862417937,8.427892605247479,12.89351588993435
brio101,red,524,17.519707,32.18464400000087,50,650.0055309643327,881.7789517881475,5.200044247714661,7.054231614305181
brio101,green,524,17.519707,32.18464400000087,60,1182.1155566319972,1773.7722266509759,9.45692445305598,14.190177813207807
brio101,red,525,17.551500589,31.7935889999994,43,577.0199887654177,824.1895859786006,4.616159910123342,6.593516687828805
brio101,green,525,17.551500589,31.7935889999994,58,1242.0917210365951,1780.4273665087628,9.936733768292761,14.243418932070101
brio101,red,526,17.587519652,36.01906300000124,46,534.2394598038909,1253.7129721297856,4.273915678431127,10.029703777038286
brio101,green,526,17.587519652,36.01906300000124,45,988.39862413756,1422.6389372171889,7.90718899310048,11.38111149773751
brio101,red,527,17.620353702,32.83404999999817,42,742.7989520311573,1215.9870983741025,5.9423916162492585,9.72789678699282
brio101,green,527,17.620353702,32.83404999999817,43,1037.9204528706668,1845.5797447525742,8.303363622965335,14.764637958020595
brio101,red,528,17.651528236,31.174534000001586,46,744.7415323858359,1585.1429711551802,5.957932259086686,12.681143769241443
brio101,green,528,17.651528236,31.174534000001586,52,1166.9778156559005,1772.0359830248508,9.335822525247204,14.176287864198807
brio101,red,529,17.687576299,36.048062999999075,57,734.7482252235351,1375.0710966425402,5.877985801788281,11.000568773140323
brio101,green,529,17.687576299,36.048062999999075,49,1034.0104211103567,1694.850334897475,8.272083368882853,13.5588026791798
brio101,red,530,17.71958785,32.01155100000008,54,706.9097543382063,1355.9135120491662,5.655278034705651,10.84730809639333
brio101,green,530,17.71958785,32.01155100000008,48,1026.4197084063544,1768.2407653571092,8.211357667250834,14.145926122856872
brio101,red,531,17.751571754,31.983904000000507,63,891.7436464460304,1615.0966962223788,7.1339491715682435,12.92077356977903
brio101,green,531,17.751571754,31.983904000000507,52,1109.9391048178986,1815.0578264207186,8.879512838543189,14.52046261136575
brio101,red,532,17.787605205,36.033450999997996,61,746.8180397387331,1339.0785370739154,5.9745443179098645,10.712628296591323
brio101,green,532,17.787605205,36.033450999997996,53,988.0805555199472,1603.3372366871477,7.904644444159578,12.826697893497181
brio101,red,533,17.820408718,32.80351300000106,60,1128.983777601386,1680.655477137165,9.031870220811088,13.44524381709732
brio101,green,533,17.820408718,32.80351300000106,54,1304.8930691484777,1834.2643015341434,10.439144553187823,14.674114412273147
brio101,red,534,17.855512097,35.103378999998824,64,1020.8871023971342,1619.7077433481822,8.167096819177074,12.957661946785457
brio101,green,534,17.855512097,35.103378999998824,47,1045.85925371664,1636.2718809962157,8.36687402973312,13.090175047969726
brio101,red,535,17.887556482,32.04438500000251,58,1234.7702265216708,1853.1072752468501,9.878161812173367,14.824858201974802
brio101,green,535,17.887556482,32.04438500000251,46,1099.782508017446,1817.3302655817768,8.79826006413957,14.538642124654215
brio101,red,536,17.920772254,33.21577199999837,52,1182.2114289448316,1780.690390454278,9.457691431558652,14.245523123634225
brio101,green,536,17.920772254,33.21577199999837,48,844.6838673670443,1296.1737049571589,6.757470938936355,10.369389639657271
brio101,red,537,17.955520318999998,34.74806499999872,42,1403.0852735894164,2099.2018209261573,11.224682188715331,16.79361456740926
brio101,green,537,17.955520318999998,34.74806499999872,40,718.2479874077982,1420.5142711104052,5.745983899262385,11.364114168883242
brio101,red,538,17.987590203,32.06988400000199,52,1636.8787251092403,2277.3046002363676,13.095029800873924,18.21843680189094
brio101,green,538,17.987590203,32.06988400000199,41,634.0335419661446,1160.8434818914106,5.072268335729158,9.286747855131285
brio101,red,539,18.019577366,31.98716300000015,41,1391.7533765293035,2046.2664630814688,11.134027012234428,16.37013170465175
brio101,green,539,18.019577366,31.98716300000015,38,516.6579500032105,847.343759806283,4.133263600025685,6.778750078450264
brio101,red,540,18.056521223,36.94385700000069,46,1222.2027604437421,1879.2418077517812,9.777622083549938,15.03393446201425
brio101,green,540,18.056521223,36.94385700000069,47,544.3124705856076,1179.65183917648,4.354499764684861,9.437214713411839
brio101,red,541,18.087575814,31.054591000000187,46,1176.539304919555,2066.4094082933993,9.412314439356441,16.531275266347194
brio101,green,541,18.087575814,31.054591000000187,39,558.689625639096,925.5961083387041,4.469517005112768,7.404768866709633
brio101,red,542,18.122270267,34.69445300000018,48,847.9676331085058,1650.4281173701445,6.783741064868046,13.203424938961156
brio101,green,542,18.122270267,34.69445300000018,45,537.2619155193488,818.7689580602041,4.29809532415479,6.550151664481633
brio101,red,543,18.155527465,33.2571979999976,51,802.935663752547,1527.7445824522615,6.423485310020377,12.221956659618092
brio101,green,543,18.155527465,33.2571979999976,52,550.6492028960398,834.141135876052,4.405193623168318,6.673129087008416
brio101,red,544,18.187623498,32.09603300000197,57,882.263609978626,1483.6613464451468,7.058108879829009,11.869290771561175
brio101,green,544,18.187623498,32.09603300000197,45,692.9135634480244,956.6484762378299,5.543308507584196,7.653187809902639
brio101,red,545,18.219639197,32.015698999998676,61,950.9473730320537,1790.9048640155308,7.60757898425643,14.327238912124248
brio101,green,545,18.219639197,32.015698999998676,48,742.8670947037692,985.785472619467,5.942936757630154,7.886283780955736
brio101,red,546,18.255647796999998,36.008599999998836,61,921.3571150506622,1676.7151988926098,7.370856920405298,13.41372159114088
brio101,green,546,18.255647796999998,36.008599999998836,53,634.6547542503206,835.2551572148341,5.077238034002565,6.682041257718672
brio101,red,547,18.287547701,31.899904000002977,68,978.8595220767422,1733.9302520078095,7.830876176613938,13.871442016062476
brio101,green,547,18.287547701,31.899904000002977,52,703.2059800186961,875.9765147041913,5.625647840149568,7.007812117633531
brio101,red,548,18.320423325,32.87562399999899,64,1016.9074136983634,1646.748745943683,8.135259309586907,13.173989967549463
brio101,green,548,18.320423325,32.87562399999899,53,666.4060047694054,860.4611313797443,5.331248038155243,6.883689051037955
brio101,red,549,18.355578963,35.1556379999991,69,1009.2371218487218,1431.829637792725,8.073896974789776,11.454637102341799
brio101,green,549,18.355578963,35.1556379999991,55,614.0557193147664,829.9772635159135,4.9124457545181315,6.639818108127308
brio101,red,550,18.387550107,31.971143999999896,69,1170.6441297204267,1625.189513652134,9.365153037763413,13.001516109217073
brio101,green,550,18.387550107,31.971143999999896,50,748.6770102449289,932.9752535908415,5.9894160819594315,7.463802028726732
brio101,red,551,18.423619465999998,36.06935899999897,65,1114.5489110356914,1581.060809737213,8.916391288285531,12.648486477897706
brio101,green,551,18.423619465999998,36.06935899999897,52,666.7194313884652,818.1817743304217,5.333755451107722,6.545454194643374
brio101,red,552,18.455570703,31.951237000001242,68,1225.4269944078633,1854.4663378412988,9.803415955262906,14.83573070273039
brio101,green,552,18.455570703,31.951237000001242,57,706.3245725207344,857.5968543191378,5.650596580165875,6.860774834553103
brio101,red,553,18.487562957999998,31.992254999998693,62,1177.3020426691762,1783.5011932081038,9.41841634135341,14.26800954566483
brio101,green,553,18.487562957999998,31.992254999998693,56,814.3000584379054,1015.0755408788402,6.514400467503243,8.120604327030723
brio101,red,554,18.523607687,36.04472900000033,60,1276.3221017544106,1736.5556765202289,10.210576814035285,13.89244541216183
brio101,green,554,18.523607687,36.04472900000033,49,622.4268768940058,813.8341580008598,4.979415015152046,6.510673264006878
brio101,red,555,18.555567054,31.95936700000246,67,1356.701621113778,1720.7300740495448,10.853612968910223,13.765840592396358
brio101,green,555,18.555567054,31.95936700000246,35,627.2054687819998,706.6538101746195,5.017643750255998,5.653230481396956
brio101,red,556,18.587731085999998,32.16403199999718,69,1432.4074760691253,1791.5674940788717,11.459259808553004,14.332539952630974
brio101,green,556,18.587731085999998,32.16403199999718,48,736.8299878694876,864.9491299331297,5.8946399029559,6.919593039465037
brio101,red,557,18.623626555999998,35.89546999999982,61,1115.27134951592,1446.4021668955957,8.92217079612736,11.571217335164766
brio101,green,557,18.623626555999998,35.89546999999982,41,646.4773078826389,818.1079090225907,5.171818463061111,6.544863272180725
brio101,red,558,18.655565404,31.938848000002906,68,1486.796204672988,1726.0343437841038,11.894369637383907,13.80827475027283
brio101,green,558,18.655565404,31.938848000002906,46,655.2125459364777,746.4774900144392,5.241700367491822,5.971819920115514
brio101,red,559,18.687581344999998,32.01594099999738,66,1533.6123394511524,1825.126113958152,12.268898715609218,14.601008911665218
brio101,green,559,18.687581344999998,32.01594099999738,46,712.0937849901024,792.5452866630637,5.6967502799208205,6.34036229330451
brio101,red,560,18.724339851,36.758506000001745,61,1177.0956752666052,1439.8121673194862,9.416765402132842,11.518497338555889
brio101,green,560,18.724339851,36.758506000001745,36,655.5300694376622,1367.0000574403466,5.244240555501298,10.936000459522774
brio101,red,561,18.755574552,31.23470099999892,63,1595.5410271431567,1912.955409091918,12.764328217145254,15.303643272735343
brio101,green,561,18.755574552,31.23470099999892,35,769.3228674178118,1406.7188080188232,6.154582939342495,11.253750464150587
brio101,red,562,18.787572622,31.99807000000021,59,1578.9200253060658,1848.3936774446222,12.631360202448526,14.787149419556977
brio101,green,562,18.787572622,31.99807000000021,37,758.9966723229196,1575.9428730168647,6.071973378583357,12.607542984134918
brio101,red,563,18.823935054,36.362432000000666,59,1252.8249916943726,1609.2337186760615,10.02259993355498,12.873869749408492
brio101,green,563,18.823935054,36.362432000000666,35,639.6218837812619,1422.55092129789,5.116975070250096,11.380407370383121
brio101,red,564,18.855612958,31.67790399999859,52,1494.9281921303927,1814.9203427804905,11.959425537043142,14.519362742243924
brio101,green,564,18.855612958,31.67790399999859,35,737.7889268671687,1520.010055324761,5.9023114149373495,12.160080442598089
brio101,red,565,18.887573232,31.960274000002897,56,1369.1697887172922,1780.9634941209197,10.953358309738338,14.247707952967358
brio101,green,565,18.887573232,31.960274000002897,41,754.9090944935471,1585.6949290642178,6.039272755948376,12.685559432513744
brio101,red,566,18.923755404999998,36.18217299999671,60,718.5060881702473,1127.165827264321,5.7480487053619775,9.01732661811457
brio101,green,566,18.923755404999998,36.18217299999671,53,540.716697378026,1190.3212914749538,4.325733579024208,9.522570331799631
brio101,red,567,18.955590105,31.834700000000993,63,780.3524431024422,1091.8156599895456,6.242819544819538,8.734525279916365
brio101,green,567,18.955590105,31.834700000000993,53,579.898778766569,1016.4778319729662,4.639190230132552,8.131822655783731
brio101,red,568,18.991796556,36.20645100000175,48,1330.3025593276807,1723.0126231810752,10.642420474621446,13.784100985448601
brio101,green,568,18.991796556,36.20645100000175,54,492.83651127622676,858.746492725076,3.942692090209814,6.869971941800608
brio101,red,569,19.023634701,31.838144999998264,7,1803.6578081253328,3215.6288476213845,14.429262465002664,25.725030780971075
brio101,green,569,19.023634701,31.838144999998264,66,164.57981730075608,244.2451823624648,1.3166385384060484,1.9539614588997183
brio101,red,570,19.055583882,31.94918100000166,4,770.2481104157214,1978.7033181504298,6.161984883325772,15.829626545203439
brio101,green,570,19.055583882,31.94918100000166,73,67.62775089423799,112.5398239791633,0.5410220071539039,0.9003185918333065
brio101,red,571,19.091587908,36.00402600000052,4,621.1698519589563,1228.8941045198846,4.969358815671651,9.831152836159077
brio101,green,571,19.091587908,36.00402600000052,73,87.1960788213135,137.90550246532254,0.6975686305705081,1.1032440197225803
brio101,red,572,19.123604699999998,32.01679199999674,7,354.89402415170775,808.1491007558363,2.8391521932136623,6.465192806046691
brio101,green,572,19.123604699999998,32.01679199999674,70,30.17175375408037,55.59235313772248,0.24137403003264296,0.4447388251017799
brio101,red,573,19.15558914,31.984440000002223,3,758.4106639358298,1554.289643132269,6.067285311486638,12.434317145058152
brio101,green,573,19.15558914,31.984440000002223,76,23.706756915750844,68.00234424269641,0.18965405532600677,0.5440187539415713
brio101,red,574,19.191632499,36.04335900000066,7,1100.611138536401,2332.5906277663776,8.804889108291208,18.66072502213102
brio101,green,574,19.191632499,36.04335900000066,73,28.16699156910512,54.983238401336685,0.22533593255284098,0.43986590721069346
brio101,red,575,19.223624403,31.991903999998073,3,1321.0938784400057,2289.635211119444,10.568751027520046,18.31708168895555
brio101,green,575,19.223624403,31.991903999998073,73,81.29898838733463,131.9240777776782,0.6503919070986771,1.0553926222214258
brio101,red,576,19.255582251,31.95784800000112,3,586.7757761778217,1130.9687602225288,4.694206209422574,9.047750081780231
brio101,green,576,19.255582251,31.95784800000112,70,184.55250606452694,289.0111246087996,1.4764200485162156,2.3120889968703966
brio101,red,577,19.291588535,36.006283999999056,6,2088.4595423392007,2448.9760208554935,16.707676338713604,19.591808166843947
brio101,green,577,19.291588535,36.006283999999056,75,25.70070302412528,53.401310536056165,0.20560562419300224,0.4272104842884493
brio101,red,578,19.32386766,32.279125000002296,4,2383.2637998643418,2591.9628415209004,19.066110398914734,20.735702732167205
brio101,green,578,19.32386766,32.279125000002296,71,44.19299847443324,79.51884870756916,0.3535439877954659,0.6361507896605534
brio101,red,579,19.35560662,31.73895999999843,3,1455.7258127981768,1652.092535008955,11.645806502385414,13.21674028007164
brio101,green,579,19.35560662,31.73895999999843,76,79.64937266724536,175.11721361800676,0.6371949813379629,1.400937708944054
brio101,red,580,19.391593201,35.98658099999952,5,1578.2493738827245,2299.50808988001,12.625994991061797,18.396064719040083
brio101,green,580,19.391593201,35.98658099999952,74,62.66706992436525,86.47181845664849,0.5013365593949219,0.691774547653188
brio101,red,581,19.423609623,32.016422000001654,4,793.7257563319292,1117.540992373323,6.349806050655434,8.940327938986584
brio101,green,581,19.423609623,32.016422000001654,71,23.944800328503963,67.18981800859748,0.1915584026280317,0.5375185440687797
brio101,red,582,19.455587341,31.977718000000266,5,1286.0471272553248,1458.8315922503264,10.288377018042599,11.67065273800261
brio101,green,582,19.455587341,31.977718000000266,73,34.97105080930348,60.53757678558401,0.2797684064744278,0.4843006142846721
brio101,red,583,19.491617903999998,36.03056299999707,4,1083.3341019748923,2025.0615994199838,8.666672815799139,16.20049279535987
brio101,green,583,19.491617903999998,36.03056299999707,75,21.977508036901597,55.31506930210189,0.17582006429521277,0.4425205544168151
brio101,red,584,19.523628474,32.01057000000063,5,527.9432077531242,1464.9790160759067,4.223545662024994,11.719832128607251
brio101,green,584,19.523628474,32.01057000000063,76,41.11594242407202,66.9836858277717,0.3289275393925762,0.5358694866221736
brio101,red,585,19.559656998999998,36.02852499999898,7,1387.1441489685876,2514.018198332765,11.097153191748701,20.112145586662123
brio101,green,585,19.559656998999998,36.02852499999898,76,97.36788766652609,149.28513221812526,0.7789431013322088,1.194281057745002
brio101,red,586,19.591650792,31.993793000001602,10,1069.1902203064044,1317.3025183517482,8.553521762451236,10.538420146813985
brio101,green,586,19.591650792,31.993793000001602,72,183.34658531170345,263.2705698277272,1.4667726824936276,2.1061645586218174
brio101,red,587,19.623613584,31.962792000001627,5,527.5248824386233,1969.5924072305927,4.220199059508986,15.75673925784474
brio101,green,587,19.623613584,31.962792000001627,78,112.06491169136268,158.45353476410173,0.8965192935309014,1.2676282781128136
brio101,red,588,19.659745276,36.131691999997884,5,1318.0226037516502,1737.4745428550134,10.544180830013202,13.899796342840109
brio101,green,588,19.659745276,36.131691999997884,76,112.17689171162911,204.44595154392485,0.8974151336930329,1.6355676123513987
brio101,red,589,19.691848956999998,32.10368099999883,4,796.5592406603511,1190.7878068808816,6.372473925282809,9.526302455047054
brio101,green,589,19.691848956999998,32.10368099999883,75,56.413718678499386,95.75104338072776,0.4513097494279951,0.7660083470458221
brio101,red,590,19.723728824,31.879867000000672,3,1098.3669368554106,1144.5862571896325,8.786935494843284,9.15669005751706
brio101,green,590,19.723728824,31.879867000000672,75,48.894876921658586,88.72200770186998,0.3911590153732687,0.7097760616149599
brio101,red,591,19.759677516,35.948692000001614,4,1033.738082884002,1146.9865336570654,8.269904663072017,9.175892269256522
brio101,green,591,19.759677516,35.948692000001614,75,45.406311336762606,73.4491863172017,0.36325049069410087,0.5875934905376136
brio101,red,592,19.791615049,31.937533000000684,7,483.54947670490066,1074.2667694993518,3.8683958136392054,8.594134155994814
brio101,green,592,19.791615049,31.937533000000684,73,25.587835513346185,46.98029055328762,0.20470268410676948,0.37584232442630094
brio101,red,593,19.823617045,32.0019959999982,8,866.9410756149471,2684.3752511381813,6.935528604919577,21.47500200910545
brio101,green,593,19.823617045,32.0019959999982,77,28.310758468485744,51.63704249114779,0.22648606774788596,0.4130963399291823
brio101,red,594,19.860040144,36.42309900000029,7,1812.7983041033792,2509.9446607324003,14.502386432827034,20.079557285859202
brio101,green,594,19.860040144,36.42309900000029,73,62.73578876682812,117.80920984611865,0.501886310134625,0.9424736787689493
brio101,red,595,19.891613807,31.57366299999964,3,511.11671555376114,3268.735529015061,4.088933724430089,26.14988423212049
brio101,green,595,19.891613807,31.57366299999964,72,150.77227029386188,267.9560798921594,1.2061781623508951,2.1436486391372753
brio101,red,596,19.924182839,32.569032000001386,9,963.7057236512802,3979.038639231012,7.709645789210242,31.8323091138481
brio101,green,596,19.924182839,32.569032000001386,75,58.22964362828261,101.27388125276136,0.4658371490262609,0.8101910500220908
brio101,red,597,19.960495401,36.312561999999105,4,1658.7074713730221,3400.216869726408,13.269659770984179,27.201734957811265
brio101,green,597,19.960495401,36.312561999999105,75,60.57271157860467,87.12045858018537,0.4845816926288374,0.696963668641483
brio101,red,598,19.991623177,31.127776000001717,5,1133.0000157678264,1887.3879063089585,9.064000126142611,15.099103250471668
brio101,green,598,19.991623177,31.127776000001717,77,63.28875920417429,80.507417609756,0.5063100736333943,0.6440593408780481
brio101,red,599,20.023723543,32.100365999998104,6,778.8135230805641,956.95450187862,6.230508184644513,7.65563601502896
brio101,green,599,20.023723543,32.100365999998104,78,40.35295485941041,70.17036427436024,0.3228236388752833,0.5613629141948819
brio101,red,600,20.060266086,36.54254299999948,8,1096.2131213521607,1678.2992651825562,8.769704970817283,13.42639412146045
brio101,green,600,20.060266086,36.54254299999948,74,38.72196817918564,64.30583886745087,0.3097757454334851,0.514446710939607
brio101,red,601,20.091667935,31.401849000001647,6,1500.018434338317,2579.1584841995227,12.000147474706537,20.633267873596182
brio101,green,601,20.091667935,31.401849000001647,77,51.90156956071622,93.54795825287071,0.41521255648572974,0.7483836660229658
brio101,red,602,20.127752701,36.084765999998325,5,856.4359217036795,2081.3049677780946,6.8514873736294355,16.650439742224755
brio101,green,602,20.127752701,36.084765999998325,73,95.55518689749259,130.5330601276563,0.7644414951799408,1.0442644810212505
brio101,red,603,20.160409289,32.65658800000182,5,564.8870079526596,1850.541736137557,4.5190960636212765,14.804333889100457
brio101,green,603,20.160409289,32.65658800000182,73,144.31497464827046,202.15030552044567,1.1545197971861638,1.6172024441635655
brio101,red,604,20.19161249,31.20320100000029,12,637.1492662472704,1148.2803435747453,5.097194129978163,9.186242748597962
brio101,green,604,20.19161249,31.20320100000029,73,164.05072554983659,209.182844595581,1.3124058043986928,1.6734627567646478
brio101,red,605,20.229876196,38.26370599999862,9,744.018784331488,1097.046063516483,5.9521502746519035,8.776368508131863
brio101,green,605,20.229876196,38.26370599999862,74,106.06760855188148,141.1415457140497,0.8485408684150519,1.1291323657123975
brio101,red,606,20.25966303,29.786833999999374,8,1568.401901247074,1717.7269091226167,12.547215209976592,13.741815272980935
brio101,green,606,20.25966303,29.786833999999374,76,137.12608658379833,180.0867549257448,1.0970086926703868,1.4406940394059582
brio101,red,607,20.291626748,31.963718000000085,11,1311.0006529073496,3447.380449204092,10.488005223258797,27.57904359363274
brio101,green,607,20.291626748,31.963718000000085,74,59.08963957261841,86.48600221704395,0.4727171165809473,0.6918880177363516
brio101,red,608,20.327665736,36.03898800000138,21,758.7971509832782,2150.815162004774,6.070377207866226,17.20652129603819
brio101,green,608,20.327665736,36.03898800000138,75,27.321485925329846,63.68212355614105,0.21857188740263878,0.5094569884491285
brio101,red,609,20.360369361,32.7036249999999,12,703.8716223252386,3088.3916096742105,5.630972978601909,24.707132877393686
brio101,green,609,20.360369361,32.7036249999999,75,44.46351043892334,91.63625640235722,0.3557080835113868,0.7330900512188577
brio101,red,610,20.391624766,31.25540499999957,7,2586.710635248608,2999.1306555540814,20.693685081988864,23.99304524443265
brio101,green,610,20.391624766,31.25540499999957,79,33.747320976334564,80.16121058747278,0.26997856781067653,0.6412896846997823
brio101,red,611,20.427638569,36.013802999999456,11,935.0844057961144,2255.7937825226154,7.480675246368915,18.046350260180922
brio101,green,611,20.427638569,36.013802999999456,76,19.422628060991443,32.504933265022444,0.1553810244879315,0.2600394661201796
brio101,red,612,20.459670509,32.03193999999954,1,5756.906815540345,5756.906815540345,46.055254524322756,46.055254524322756
brio101,green,612,20.459670509,32.03193999999954,73,31.379712072440615,49.868881070308525,0.2510376965795249,0.3989510485624682
brio101,red,613,20.49165295,31.98244100000025,4,1355.9559117368779,2108.75113038773,10.847647293895022,16.87000904310184
brio101,green,613,20.49165295,31.98244100000025,74,28.27994622108957,68.74968714883549,0.22623956976871656,0.5499974971906839
brio101,red,614,20.527640438,35.987487999999956,3,1027.5996639256302,1066.9705999181872,8.220797311405041,8.535764799345497
brio101,green,614,20.527640438,35.987487999999956,73,16.159452093605736,38.00454649769449,0.12927561674884588,0.304036371981556
brio101,red,615,20.560480895999998,32.84045799999902,6,1346.336179082868,4804.896714568873,10.770689432662945,38.43917371655098
brio101,green,615,20.560480895999998,32.84045799999902,79,15.353236819192782,47.635918670792634,0.12282589455354226,0.38108734936634114
brio101,red,616,20.591638338,31.157442000001367,3,1121.2667550779186,1834.6841382093253,8.970134040623348,14.677473105674602
brio101,green,616,20.591638338,31.157442000001367,78,44.34736854976913,62.009169424831825,0.35477894839815305,0.49607335539865455
brio101,red,617,20.627702622,36.064284000001834,1,1079.7619488127086,1079.7619488127086,8.638095590501669,8.638095590501669
brio101,green,617,20.627702622,36.064284000001834,75,20.24402736322347,33.46860148956207,0.16195221890578776,0.2677488119164966
brio101,red,618,20.660092321,32.38969899999944,6,1386.191504090054,2004.1332790672366,11.089532032720431,16.03306623253789
brio101,green,618,20.660092321,32.38969899999944,73,35.142743318015434,52.836664274098666,0.2811419465441235,0.4226933141927893
brio101,red,619,20.695652144,35.559822999999824,7,250.990414151291,1022.8110754321453,2.007923313210328,8.182488603457164
brio101,green,619,20.695652144,35.559822999999824,77,40.745459261078025,61.43794549129593,0.3259636740886242,0.4915035639303674
brio101,red,620,20.729649655,33.99751099999904,7,569.9427090967632,1705.3854215439953,4.559541672774106,13.643083372351963
brio101,green,620,20.729649655,33.99751099999904,75,26.936921492688043,51.7444252891574,0.21549537194150434,0.41395540231325917
brio101,red,621,20.759693192,30.043537000000953,9,1231.2640206772583,1680.3537650726357,9.850112165418066,13.442830120581085
brio101,green,621,20.759693192,30.043537000000953,78,30.12454951726845,54.598433925122755,0.24099639613814758,0.43678747140098206
brio101,red,622,20.795659568999998,35.96637699999761,12,487.6032199347567,1728.9889907670135,3.900825759478053,13.83191192613611
brio101,green,622,20.795659568999998,35.96637699999761,75,11.128426111643662,27.19370906931521,0.0890274088931493,0.2175496725545217
brio101,red,623,20.827672047,32.012478000002176,17,963.1829226943763,2872.801913023828,7.705463381555011,22.982415304190624
brio101,green,623,20.827672047,32.012478000002176,74,15.503176676858816,42.18783439220929,0.12402541341487053,0.33750267513767435
brio101,red,624,20.859747116,32.07506900000112,19,438.338492756467,2414.31315178636,3.506707942051736,19.31450521429088
brio101,green,624,20.859747116,32.07506900000112,74,17.764028716952613,43.400694575387384,0.1421122297356209,0.3472055566030991
brio101,red,625,20.895667326999998,35.92021099999698,5,1288.6162042605417,2438.2630307896534,10.308929634084334,19.50610424631723
brio101,green,625,20.895667326999998,35.92021099999698,77,16.691105092394935,37.350884885150755,0.1335288407391595,0.2988070790812061
brio101,red,626,20.927675008999998,32.007681999999704,6,1280.5972883312438,1730.67623335127,10.244778306649952,13.845409866810162
brio101,green,626,20.927675008999998,32.007681999999704,77,27.93224673161527,76.50182852394829,0.22345797385292215,0.6120146281915864
brio101,red,627,20.959692134,32.01712500000298,2,1356.2557746802265,1454.8193952645256,10.850046197441813,11.638555162116205
brio101,green,627,20.959692134,32.01712500000298,73,62.115963769595076,112.5183332719958,0.4969277101567606,0.9001466661759664
brio101,red,628,20.995667271,35.97513699999766,2,811.6212330081206,1442.478107974352,6.492969864064966,11.539824863794816
brio101,green,628,20.995667271,35.97513699999766,78,124.11900908412426,241.08195678566804,0.9929520726729941,1.9286556542853444
brio101,red,629,21.028477302,32.81003100000035,4,1378.800173869681,2087.6096757264595,11.030401390957447,16.700877405811674
brio101,green,629,21.028477302,32.81003100000035,73,159.79696920851467,292.9105048612685,1.2783757536681173,2.343284038890148
brio101,red,630,21.059825781,31.348479000001817,6,771.971868107946,1831.8370304352868,6.1757749448635675,14.654696243482295
brio101,green,630,21.059825781,31.348479000001817,74,328.1295251411192,672.6691434216784,2.625036201128953,5.381353147373427
brio101,red,631,21.095686177,35.86039600000035,41,859.5241953075356,1396.0613165235286,6.876193562460285,11.16849053218823
brio101,green,631,21.095686177,35.86039600000035,58,590.6973574290128,1296.7098055665062,4.725578859432101,10.37367844453205
brio101,red,632,21.127668229,31.98205200000004,49,1286.4293151012332,1641.8733855887967,10.291434520809865,13.134987084710374
brio101,green,632,21.127668229,31.98205200000004,54,907.1020155132176,1689.490111921657,7.2568161241057405,13.515920895373256
brio101,red,633,21.160397038,32.72880899999819,5,1520.6535288017762,2987.436722921444,12.16522823041421,23.89949378337155
brio101,green,633,21.160397038,32.72880899999819,56,1072.6970977457972,1774.4638571185442,8.581576781966378,14.195710856948354
brio101,red,634,21.195665824,35.26878599999961,0,,,,
brio101,green,634,21.195665824,35.26878599999961,27,1002.8680869173228,2446.2567871845686,8.022944695338582,19.570054297476545
brio101,red,635,21.227692839,32.0270150000006,3,308.03342835498063,589.218901828159,2.4642674268398452,4.7137512146252725
brio101,green,635,21.227692839,32.0270150000006,36,1313.1348492468696,2651.454943148593,10.505078793974958,21.211639545188746
brio101,red,636,21.26371842,36.02558100000053,1,842.1668849025306,842.1668849025306,6.737335079220244,6.737335079220244
brio101,green,636,21.26371842,36.02558100000053,38,1131.8505642050097,2259.0734513126936,9.054804513640079,18.07258761050155
brio101,red,637,21.295695305,31.976884999998845,3,756.7565776278296,2937.9087295941054,6.054052621022637,23.503269836752846
brio101,green,637,21.295695305,31.976884999998845,47,1226.981303389809,2423.188176284647,9.815850427118471,19.385505410277176
brio101,red,638,21.327657245,31.961940000002187,14,1808.8025084606327,1977.843306535971,14.470420067685062,15.822746452287769
brio101,green,638,21.327657245,31.961940000002187,51,968.9166491624537,1862.6208575835162,7.75133319329963,14.900966860668131
brio101,red,639,21.36373003,36.07278499999822,28,1239.146856410127,1545.2534043651135,9.913174851281015,12.362027234920907
brio101,green,639,21.36373003,36.07278499999822,55,928.3815763915837,1622.440171769953,7.4270526111326705,12.979521374159624
brio101,red,640,21.395683063,31.95303300000063,23,1875.0489397687122,2133.0037004363166,15.000391518149698,17.064029603490532
brio101,green,640,21.395683063,31.95303300000063,53,1041.8000416323766,1596.374373465027,8.334400333059014,12.770994987720217
brio101,red,641,21.429238871,33.55580799999913,13,2233.5769983463697,2433.1915319881036,17.86861598677096,19.46553225590483
brio101,green,641,21.429238871,33.55580799999913,53,996.2240991762095,1688.1375808946063,7.969792793409677,13.505100647156851
brio101,red,642,21.463792807,34.553936000001784,4,1752.3752936976775,2508.0546572747803,14.019002349581422,20.064437258198247
brio101,green,642,21.463792807,34.553936000001784,53,1036.1247542183748,1684.7069168787284,8.288998033747,13.477655335029826
brio101,red,643,21.495729877,31.937069999997902,2,2388.3975626834454,2452.34782003707,19.10718050146756,19.61878256029656
brio101,green,643,21.495729877,31.937069999997902,53,962.5446636350434,1454.379182837736,7.700357309080347,11.635033462701887
brio101,red,644,21.527672651,31.942774000000895,2,2151.5636154938434,2228.1660526184464,17.212508923950747,17.82532842094757
brio101,green,644,21.527672651,31.942774000000895,57,888.7194747386726,1627.2224990244413,7.109755797909381,13.01777999219553
brio101,red,645,21.563779176,36.106525000001,11,1799.360315564026,1986.7270477975344,14.394882524512209,15.893816382380274
brio101,green,645,21.563779176,36.106525000001,58,835.8241327285709,1449.2081906829899,6.686593061828567,11.59366552546392
brio101,red,646,21.595709876,31.9307000000002,32,1725.8634311783435,1935.4422214803942,13.806907449426749,15.483537771843155
brio101,green,646,21.595709876,31.9307000000002,50,816.4483306905302,1554.5398745191346,6.531586645524241,12.436318996153076
brio101,red,647,21.627686482999998,31.97660699999716,31,1285.9195635610351,1404.8450793521224,10.287356508488282,11.238760634816979
brio101,green,647,21.627686482999998,31.97660699999716,58,873.7773652447509,1689.7815256128822,6.990218921958007,13.518252204903058
brio101,red,648,21.66376349,36.077007000002936,44,818.349153817302,998.4535567961402,6.546793230538416,7.987628454369123
brio101,green,648,21.66376349,36.077007000002936,67,708.6127807234474,1448.2227951090167,5.668902245787579,11.585782360872134
brio101,red,649,21.695704634,31.94114399999748,46,1046.0547825602364,1196.9977005639478,8.368438260481891,9.575981604511583
brio101,green,649,21.695704634,31.94114399999748,58,615.9083593068315,1233.2723388147053,4.927266874454652,9.866178710517643
brio101,red,650,21.727695870999998,31.991236999999728,43,1315.8307011343106,1505.7153370479775,10.526645609074485,12.04572269638382
brio101,green,650,21.727695870999998,31.991236999999728,62,780.3913123795132,1410.446845730226,6.243130499036106,11.283574765841808
brio101,red,651,21.76375473,36.05885900000061,44,816.9179137564316,1046.683554162706,6.535343310051453,8.37346843330165
brio101,green,651,21.76375473,36.05885900000061,63,571.8940849354099,1027.5330498111587,4.575152679483279,8.220264398489268
brio101,red,652,21.795716448,31.961718000001582,54,827.1103669672018,939.3244097114456,6.616882935737614,7.514595277691565
brio101,green,652,21.795716448,31.961718000001582,57,666.1000692740369,1425.9091019947728,5.328800554192295,11.407272815958184
brio101,red,653,21.831709826,35.993378000000575,46,763.6866833834986,879.854975328095,6.109493467067989,7.03883980262476
brio101,green,653,21.831709826,35.993378000000575,56,791.0773598242117,1548.9029820260848,6.328618878593694,12.391223856208681
brio101,red,654,21.863748914,32.03908799999766,44,324.4280837315149,535.7854961701771,2.595424669852119,4.286283969361417
brio101,green,654,21.863748914,32.03908799999766,63,619.1151771607368,1244.678897404573,4.952921417285895,9.957431179236584
brio101,red,655,21.895711133,31.962219000000403,38,455.28971995671884,716.4039666241671,3.642317759653751,5.731231732993336
brio101,green,655,21.895711133,31.962219000000403,51,695.3543880858955,1632.7906064546885,5.5628351046871645,13.06232485163751
brio101,red,656,21.931775195,36.06406200000123,52,302.63273618494384,788.5350875205359,2.4210618894795504,6.308280700164286
brio101,green,656,21.931775195,36.06406200000123,53,771.3863057866728,1300.6717120894325,6.171090446293382,10.40537369671546
brio101,red,657,21.964170282999998,32.395087999997685,41,312.6987924798675,1220.5222232519802,2.5015903398389403,9.764177786015843
brio101,green,657,21.964170282999998,32.395087999997685,54,634.4051479134537,1496.3148728990307,5.075241183307629,11.970518983192246
brio101,red,658,21.99571552,31.545237000003112,48,690.7633939212676,1227.1110418610758,5.526107151370141,9.816888334888606
brio101,green,658,21.99571552,31.545237000003112,58,816.3713601533213,1809.7039514970415,6.530970881226571,14.477631611976332
brio101,red,659,22.031729842,36.014321999999765,42,495.03474643774234,1308.7105779707022,3.960277971501939,10.46968462376562
brio101,green,659,22.031729842,36.014321999999765,54,638.791113384491,1251.1541847898782,5.110328907075928,10.009233478319025
brio101,red,660,22.063785709,32.055867000000404,49,812.2760831857846,1492.6316322406794,6.498208665486277,11.941053057925435
brio101,green,660,22.063785709,32.055867000000404,43,1304.922871006846,1676.460015833429,10.439382968054767,13.41168012666743
brio101,red,661,22.095702649,31.91693999999856,50,911.3837143827891,1689.2712856349744,7.291069715062313,13.514170285079794
brio101,green,661,22.095702649,31.91693999999856,46,1234.9241057578633,1637.8188697191094,9.879392846062906,13.102550957752877
brio101,red,662,22.131735638,36.03298899999885,61,667.8585240215733,1530.962121893276,5.3428681921725865,12.247696975146209
brio101,green,662,22.131735638,36.03298899999885,49,609.8502914018973,1084.1831188419987,4.878802331215178,8.673464950735989
brio101,red,663,22.163744448,32.008810000000665,35,1268.7175938866096,2113.7640085625835,10.149740751092876,16.910112068500666
brio101,green,663,22.163744448,32.008810000000665,50,571.78801581108,1272.9216815679044,4.57430412648864,10.183373452543234
brio101,red,664,22.195722796,31.9783479999991,31,1331.2218206954396,2211.8569844231693,10.649774565563517,17.694855875385354
brio101,green,664,22.195722796,31.9783479999991,52,381.9251846129781,1161.5572042233168,3.055401476903825,9.292457633786535
brio101,red,665,22.231776507,36.05371100000099,23,842.5719418262443,1359.8014198260516,6.740575534609954,10.878411358608414
brio101,green,665,22.231776507,36.05371100000099,56,355.37186759512576,745.2653310044611,2.8429749407610063,5.962122648035689
brio101,red,666,22.263760447,31.983939999999933,21,895.487587339956,1980.5817113283517,7.163900698719648,15.844653690626814
brio101,green,666,22.263760447,31.983939999999933,44,798.8776446620698,1093.7121383336944,6.391021157296558,8.749697106669556
brio101,red,667,22.295727981,31.96753399999963,28,872.8584847947185,2318.175196771795,6.982867878357748,18.54540157417436
brio101,green,667,22.295727981,31.96753399999963,36,1534.918165528619,2068.736967295745,12.279345324228952,16.54989573836596
brio101,red,668,22.33174521,36.01722900000226,48,877.5597304335386,1942.0535015180344,7.020477843468308,15.536428012144276
brio101,green,668,22.33174521,36.01722900000226,11,2377.0741282836852,2635.7247063423756,19.016593026269483,21.085797650739003
brio101,red,669,22.363765576,32.02036599999758,56,879.9069982503829,2039.2591752713172,7.039255986003063,16.31407340217054
brio101,green,669,22.363765576,32.02036599999758,6,3663.6503139265305,3726.9621334242556,29.309202511412245,29.815697067394048
brio101,red,670,22.399778935,36.0133590000018,55,804.6830095763926,1617.4325197487906,6.437464076611141,12.939460157990323
brio101,green,670,22.399778935,36.0133590000018,6,2874.0993603752086,2913.519286369203,22.992794883001665,23.308154290953624
brio101,red,671,22.431754560999998,31.975625999997703,60,786.0290322510406,1756.4930056760743,6.288232258008325,14.051944045408593
brio101,green,671,22.431754560999998,31.975625999997703,24,2183.32262220523,2290.339217904069,17.46658097764184,18.32271374323255
brio101,red,672,22.464003315,32.248754000001156,69,717.7910424081696,1588.4505554553116,5.742328339265357,12.707604443642492
brio101,green,672,22.464003315,32.248754000001156,41,1366.0760189861362,1543.1438708628912,10.92860815188909,12.34515096690313
brio101,red,673,22.499826267,35.822952000000186,65,569.6833025162935,1614.9745450573673,4.557466420130348,12.919796360458939
brio101,green,673,22.499826267,35.822952000000186,51,1120.0329924403188,1349.50128411072,8.960263939522552,10.79601027288576
brio101,red,674,22.531740912,31.91464500000052,71,625.0556115109567,1697.485694117373,5.000444892087654,13.579885552938983
brio101,green,674,22.531740912,31.91464500000052,34,1677.803112431944,1864.0232523130228,13.422424899455553,14.912186018504183
brio101,red,675,22.563757352,32.01643999999959,71,727.9042220117404,1651.6416839292492,5.8232337760939235,13.213133471433995
brio101,green,675,22.563757352,32.01643999999959,32,1855.7891031264448,1963.712064891607,14.846312825011559,15.709696519132857
brio101,red,676,22.600271858,36.51450599999961,70,630.64667363632,1219.3949540032609,5.04517338909056,9.755159632026087
brio101,green,676,22.600271858,36.51450599999961,37,1503.0009302961712,1659.682698256448,12.02400744236937,13.277461586051585
brio101,red,677,22.631752929,31.481071000001748,66,715.9372952849548,1426.2491327816642,5.727498362279638,11.409993062253314
brio101,green,677,22.631752929,31.481071000001748,40,1471.9927896555346,1620.9417448038248,11.775942317244276,12.9675339584306
brio101,red,678,22.663790720999998,32.03779199999701,74,779.0077357624582,1561.3264105449973,6.232061886099665,12.490611284359979
brio101,green,678,22.663790720999998,32.03779199999701,40,1229.1064480772338,1400.4657111629551,9.83285158461787,11.203725689303642
brio101,red,679,22.70079806,37.007339000002304,72,656.260459081102,1303.1418156187956,5.250083672648816,10.425134524950366
brio101,green,679,22.70079806,37.007339000002304,36,1067.9606498229314,1200.3123311026675,8.54368519858345,9.602498648821342
brio101,red,680,22.731768224,30.9701639999993,61,776.2707971864302,1516.3842022281833,6.210166377491442,12.131073617825466
brio101,green,680,22.731768224,30.9701639999993,30,1263.488095897792,1504.7268182683713,10.107904767182337,12.03781454614697
brio101,red,681,22.763875293999998,32.10706999999857,68,691.4228094491516,1440.2467391565729,5.5313824755932135,11.521973913252582
brio101,green,681,22.763875293999998,32.10706999999857,36,1273.6254532542387,1479.7252725973115,10.189003626033909,11.837802180778493
brio101,red,682,22.80095117,37.07587600000295,65,889.1124929440196,1487.2987082404481,7.112899943552157,11.898389665923586
brio101,green,682,22.80095117,37.07587600000295,34,1007.5285862659814,1229.036227704633,8.06022869012785,9.832289821637064
brio101,red,683,22.831761168,30.80999799999873,66,1129.786951946363,1755.6554167028685,9.038295615570902,14.045243333622947
brio101,green,683,22.831761168,30.80999799999873,37,1128.6700667335172,1372.9698101357567,9.029360533868138,10.983758481086053
brio101,red,684,22.863789423,32.02825500000017,64,1068.0467069225142,1725.8828071324115,8.544373655380115,13.807062457059292
brio101,green,684,22.863789423,32.02825500000017,37,1104.0522338984251,1338.8837181921745,8.8324178711874,10.711069745537396
brio101,red,685,22.901503316,37.71389299999939,67,709.8617807216436,1284.731225421865,5.678894245773149,10.27784980337492
brio101,green,685,22.901503316,37.71389299999939,30,950.1165914396146,1020.8314289361628,7.600932731516917,8.166651431489303
brio101,red,686,22.931761111,30.257795000000698,62,1003.773731076984,1663.6551787621677,8.030189848615873,13.309241430097343
brio101,green,686,22.931761111,30.257795000000698,15,1218.8259398823839,1291.8780643130215,9.750607519059072,10.335024514504173
brio101,red,687,22.967764543999998,36.00343299999764,63,942.7244361266763,1545.1246864098505,7.541795489013411,12.360997491278804
brio101,green,687,22.967764543999998,36.00343299999764,10,961.572172371154,1072.2290683529752,7.692577378969233,8.577832546823801
brio101,red,688,23.001127797,33.36325300000098,60,1097.4098305562447,1776.9357051653612,8.77927864444996,14.215485641322891
brio101,green,688,23.001127797,33.36325300000098,26,927.6230856239993,1789.804740106363,7.4209846849919945,14.318437920850903
brio101,red,689,23.031772222,30.644425000001974,56,1164.2582969222995,1986.616645841704,9.314066375378395,15.892933166733632
brio101,green,689,23.031772222,30.644425000001974,28,1082.823152270426,1919.6855636763466,8.662585218163407,15.357484509410773
brio101,red,690,23.067771266,35.999044000000424,54,853.0432564408777,1614.9138608535616,6.824346051527022,12.919310886828493
brio101,green,690,23.067771266,35.999044000000424,37,848.8059312395517,1628.3631771813432,6.790447449916414,13.026905417450745
brio101,red,691,23.100474094,32.70282799999791,60,885.065574931487,1683.996784465412,7.080524599451897,13.471974275723296
brio101,green,691,23.100474094,32.70282799999791,32,640.1731542528095,1390.1923225514909,5.121385234022476,11.121538580411928
brio101,red,692,23.131779776,31.30568199999928,58,849.3165187533194,1725.8053186252098,6.794532150026556,13.806442549001678
brio101,green,692,23.131779776,31.30568199999928,30,703.5516494483734,1455.4103826652567,5.628413195586988,11.643283061322053
brio101,red,693,23.167844728,36.06495200000026,49,770.1802202195495,1395.4812548871994,6.161441761756396,11.163850039097595
brio101,green,693,23.167844728,36.06495200000026,43,869.8128720464475,1191.9914226476149,6.95850297637158,9.53593138118092
brio101,red,694,23.201422832,33.57810400000005,56,769.5301952644512,1569.1968082053215,6.15624156211561,12.553574465642573
brio101,green,694,23.201422832,33.57810400000005,32,1160.4764154460902,1653.3162836848355,9.28381132356872,13.226530269478685
brio101,red,695,23.231927905,30.505073000000493,50,739.180600278041,1480.5875099480522,5.913444802224328,11.844700079584419
brio101,green,695,23.231927905,30.505073000000493,37,1075.970144727232,1771.9678495616008,8.607761157817857,14.175742796492806
brio101,red,696,23.267839412,35.91150700000156,46,657.6241668749569,1259.565554499943,5.260993334999656,10.076524435999545
brio101,green,696,23.267839412,35.91150700000156,40,1107.4788151182956,1440.8320425411005,8.859830520946364,11.526656340328804
brio101,red,697,23.299794686,31.955273999997758,60,682.2860457239478,1171.1393730051102,5.458288365791583,9.369114984040882
brio101,green,697,23.299794686,31.955273999997758,34,1280.762531040402,2016.1875338910809,10.246100248323216,16.12950027112865
brio101,red,698,23.332006755,32.21206899999984,60,570.9930795239261,919.1740883415475,4.567944636191409,7.35339270673238
brio101,green,698,23.332006755,32.21206899999984,43,1193.14098161159,1781.7994889605927,9.545127852892719,14.25439591168474
brio101,red,699,23.367874892,35.868137000001354,64,447.3504864623271,686.9373294174387,3.578803891698617,5.495498635339509
brio101,green,699,23.367874892,35.868137000001354,47,1153.0169910196555,1520.3720654626027,9.224135928157244,12.16297652370082
brio101,red,700,23.399779926,31.90503400000111,55,858.690527086198,951.521261918915,6.869524216689585,7.6121700953513205
brio101,green,700,23.399779926,31.90503400000111,68,786.1729451184525,936.1717465720732,6.28938356094762,7.489373972576586
brio101,red,701,23.432779827,32.999901000000165,76,132.17253132257554,243.67342502157166,1.0573802505806043,1.9493874001725733
brio101,green,701,23.432779827,32.999901000000165,77,116.1179340049424,195.53071259161698,0.9289434720395392,1.564245700732936
brio101,red,702,23.467800336,35.02050899999887,75,274.3355520224268,379.02960227178306,2.194684416179414,3.0322368181742645
brio101,green,702,23.467800336,35.02050899999887,73,338.2490689661238,473.66095435773167,2.7059925517289902,3.789287634861853
brio101,red,703,23.499783462,31.983126000000084,74,263.67561564673633,372.81928260556845,2.109404925173891,2.9825542608445472
brio101,green,703,23.499783462,31.983126000000084,66,655.9614662758174,835.8182643528057,5.24769173020654,6.6865461148224465
brio101,red,704,23.535814617,36.03115499999987,75,195.8962651641609,300.58132303791774,1.5671701213132871,2.404650584303342
brio101,green,704,23.535814617,36.03115499999987,67,523.6743573148703,664.6489334380481,4.189394858518963,5.317191467504385
brio101,red,705,23.567813446,31.998828999999063,74,266.86161554528894,363.59267919215824,2.134892924362312,2.908741433537266
brio101,green,705,23.567813446,31.998828999999063,75,455.8310412176065,597.5610989241055,3.6466483297408523,4.780488791392844
brio101,red,706,23.599778498,31.965052000000327,75,181.94467780854887,270.47051628449384,1.455557422468391,2.1637641302759505
brio101,green,706,23.599778498,31.965052000000327,65,474.80150526406334,600.3049207933886,3.7984120421125067,4.80243936634711
brio101,red,707,23.63580469,36.026192000001345,72,130.55739389712437,191.03252591495556,1.044459151176995,1.5282602073196443
brio101,green,707,23.63580469,36.026192000001345,76,375.5459849475551,478.2843416089539,3.0043678795804407,3.826274732871631
brio101,red,708,23.667795482,31.990791999998436,75,54.83663746583126,109.54688307768585,0.4386930997266501,0.8763750646214868
brio101,green,708,23.667795482,31.990791999998436,72,391.33338165251547,527.2721516443744,3.1306670532201237,4.218177213154995
brio101,red,709,23.699833940999998,32.03845899999891,78,24.832805047645778,67.95646243022166,0.1986624403811662,0.5436516994417733
brio101,green,709,23.699833940999998,32.03845899999891,68,396.39566176992525,529.8727924757194,3.171165294159402,4.238982339805755
brio101,red,710,23.735968355,36.134414000002835,77,37.499255412912646,49.27811323364631,0.29999404330330115,0.39422490586917047
brio101,green,710,23.735968355,36.134414000002835,74,303.8797903671051,442.75572659697224,2.431038322936841,3.5420458127757777
brio101,red,711,23.767812796,31.8444410000005,77,61.31489962904838,88.51025499574413,0.490519197032387,0.7080820399659531
brio101,green,711,23.767812796,31.8444410000005,73,342.56591635956204,469.59876486930006,2.7405273308764966,3.7567901189544006
brio101,red,712,23.800502328,32.68953199999913,78,38.647482149734124,77.47901494681683,0.309179857197873,0.6198321195745347
brio101,green,712,23.800502328,32.68953199999913,72,306.37747294849544,442.28845149209536,2.451019783587963,3.538307611936763
brio101,red,713,23.836290817,35.78848899999798,77,14.240602025096875,43.77409719243009,0.113924816200775,0.3501927775394408
brio101,green,713,23.836290817,35.78848899999798,73,270.2293883058518,367.88554176556283,2.1618351064468144,2.9430843341245025
brio101,red,714,23.86798748,31.696663000001735,78,47.79354659409409,72.58325166727154,0.3823483727527527,0.5806660133381724
brio101,green,714,23.86798748,31.696663000001735,76,287.22535813936736,432.05554528717994,2.2978028651149387,3.4564443622974395
brio101,red,715,23.899847235,31.859754999999268,80,38.092347892448224,59.56619470291711,0.3047387831395858,0.4765295576233369
brio101,green,715,23.899847235,31.859754999999268,72,267.2286433682443,387.08417811641306,2.137829146945955,3.0966734249313044
brio101,red,716,23.935842317,35.99508199999946,80,22.300813025079343,37.114029105310415,0.17840650420063475,0.2969122328424833
brio101,green,716,23.935842317,35.99508199999946,73,244.0898658345581,324.0949831019598,1.9527189266764649,2.5927598648156787
brio101,red,717,23.967825572,31.9832550000001,78,11.061064480816356,41.56607758440215,0.08848851584653086,0.33252862067521716
brio101,green,717,23.967825572,31.9832550000001,73,227.8129544224487,322.76893934829894,1.8225036353795898,2.5821515147863914
brio101,red,718,23.999861809,32.0362369999998,77,18.212224763477057,36.72275845452122,0.14569779810781647,0.29378206763616976
brio101,green,718,23.999861809,32.0362369999998,79,207.76402499927462,290.890561460609,1.662112199994197,2.327124491684872
brio101,red,719,24.035873463999998,36.011654999999365,75,10.848036030169471,33.1385405691999,0.08678428824135577,0.2651083245535992
brio101,green,719,24.035873463999998,36.011654999999365,75,153.41307185741925,227.36988533456235,1.227304574859354,1.818959082676499
brio101,red,720,24.067888515,32.015051000001904,78,8.964377900485918,30.390391467179477,0.07171502320388735,0.2431231317374358
brio101,green,720,24.067888515,32.015051000001904,75,173.88077545143028,237.4050783350226,1.3910462036114424,1.899240626680181
brio101,red,721,24.104639890999998,36.751375999998004,77,9.356771167188947,26.027694049234288,0.07485416933751159,0.20822155239387433
brio101,green,721,24.104639890999998,36.751375999998004,76,127.41468602256504,187.6146600731789,1.0193174881805205,1.5009172805854314
brio101,red,722,24.135853055,31.213164000000404,76,7.375038811987077,43.17697535595983,0.059000310495896616,0.3454158028476787
brio101,green,722,24.135853055,31.213164000000404,78,144.11234322267765,190.39202579988313,1.1528987457814213,1.5231362063990652
brio101,red,723,24.167830607,31.977552000000742,79,8.500772713241867,32.73270012526232,0.06800618170593493,0.26186160100209854
brio101,green,723,24.167830607,31.977552000000742,75,114.63295736067737,169.09755621765456,0.917063658885419,1.3527804497412363
brio101,red,724,24.204727335,36.8967280000021,79,9.44432585663374,29.283641779990777,0.07555460685306992,0.2342691342399262
brio101,green,724,24.204727335,36.8967280000021,74,74.15646528378022,110.85480663449925,0.5932517222702418,0.8868384530759941
brio101,red,725,24.235902869,31.17553399999906,80,7.932687656154192,36.940311201779096,0.06346150124923354,0.2955224896142327
brio101,green,725,24.235902869,31.17553399999906,78,58.393297468788276,96.56111038401663,0.4671463797503062,0.772488883072133
brio101,red,726,24.26780581,31.902940999998464,80,13.442052001499286,32.59142617745439,0.10753641601199429,0.26073140941963513
brio101,green,726,24.26780581,31.902940999998464,74,41.19736542988022,56.083449684223744,0.3295789234390418,0.4486675974737899
brio101,red,727,24.304003761,36.19795100000189,79,6.5408622405346675,33.578459414069606,0.05232689792427734,0.2686276753125568
brio101,green,727,24.304003761,36.19795100000189,79,18.976265900190505,32.87440542744155,0.15181012720152404,0.26299524341953245
